Fe,Co,Cr,Ni,Al,Ti,Mn,Cu,Mo,Nb,Si,Ta,Zr,W,B,Temperature,Exposure,weight,formula
20.0,0.0,20.0,20.0,20.0,0.0,0.0,20.0,0,0,0,0,0,0,0,1000,10,0.652,Fe20.0Cr20.0Ni20.0Al20.0Cu20.0
20.0,0.0,20.0,20.0,20.0,0.0,0.0,20.0,0,0,0,0,0,0,0,1000,20,0.754,Fe20.0Cr20.0Ni20.0Al20.0Cu20.0
20.0,0.0,20.0,20.0,20.0,0.0,0.0,20.0,0,0,0,0,0,0,0,1000,30,0.786,Fe20.0Cr20.0Ni20.0Al20.0Cu20.0
20.0,0.0,20.0,20.0,20.0,0.0,0.0,20.0,0,0,0,0,0,0,0,1000,40,0.813,Fe20.0Cr20.0Ni20.0Al20.0Cu20.0
20.0,0.0,20.0,20.0,20.0,0.0,0.0,20.0,0,0,0,0,0,0,0,1000,50,1.087,Fe20.0Cr20.0Ni20.0Al20.0Cu20.0
20.0,0.0,20.0,20.0,20.0,0.0,0.0,20.0,0,0,0,0,0,0,0,1000,60,1.251,Fe20.0Cr20.0Ni20.0Al20.0Cu20.0
20.0,0.0,20.0,20.0,20.0,0.0,0.0,20.0,0,0,0,0,0,0,0,1000,70,1.41,Fe20.0Cr20.0Ni20.0Al20.0Cu20.0
20.0,0.0,20.0,20.0,20.0,0.0,0.0,20.0,0,0,0,0,0,0,0,1000,80,1.502,Fe20.0Cr20.0Ni20.0Al20.0Cu20.0
20.0,0.0,20.0,20.0,20.0,0.0,0.0,20.0,0,0,0,0,0,0,0,1000,90,1.521,Fe20.0Cr20.0Ni20.0Al20.0Cu20.0
20.0,0.0,20.0,20.0,20.0,0.0,0.0,20.0,0,0,0,0,0,0,0,1000,100,1.536,Fe20.0Cr20.0Ni20.0Al20.0Cu20.0
17.5,0.0,17.5,35.2,12.3,0.0,0.0,17.5,0,0,0,0,0,0,0,1100,10,1.098,Fe17.5Cr17.5Ni35.2Al12.3Cu17.5
17.5,0.0,17.5,35.2,12.3,0.0,0.0,17.5,0,0,0,0,0,0,0,1100,20,1.476,Fe17.5Cr17.5Ni35.2Al12.3Cu17.5
17.5,0.0,17.5,35.2,12.3,0.0,0.0,17.5,0,0,0,0,0,0,0,1100,30,1.754,Fe17.5Cr17.5Ni35.2Al12.3Cu17.5
17.5,0.0,17.5,35.2,12.3,0.0,0.0,17.5,0,0,0,0,0,0,0,1100,40,1.826,Fe17.5Cr17.5Ni35.2Al12.3Cu17.5
17.5,0.0,17.5,35.2,12.3,0.0,0.0,17.5,0,0,0,0,0,0,0,1100,50,1.925,Fe17.5Cr17.5Ni35.2Al12.3Cu17.5
17.5,0.0,17.5,35.2,12.3,0.0,0.0,17.5,0,0,0,0,0,0,0,1100,60,2.231,Fe17.5Cr17.5Ni35.2Al12.3Cu17.5
17.5,0.0,17.5,35.2,12.3,0.0,0.0,17.5,0,0,0,0,0,0,0,1100,70,2.493,Fe17.5Cr17.5Ni35.2Al12.3Cu17.5
17.5,0.0,17.5,35.2,12.3,0.0,0.0,17.5,0,0,0,0,0,0,0,1100,80,2.526,Fe17.5Cr17.5Ni35.2Al12.3Cu17.5
17.5,0.0,17.5,35.2,12.3,0.0,0.0,17.5,0,0,0,0,0,0,0,1100,90,2.563,Fe17.5Cr17.5Ni35.2Al12.3Cu17.5
17.5,0.0,17.5,35.2,12.3,0.0,0.0,17.5,0,0,0,0,0,0,0,1100,100,2.601,Fe17.5Cr17.5Ni35.2Al12.3Cu17.5
14.3,0.0,14.3,28.6,28.6,0.0,0.0,14.3,0,0,0,0,0,0,0,1100,10,0.874,Fe14.3Cr14.3Ni28.6Al28.6Cu14.3
14.3,0.0,14.3,28.6,28.6,0.0,0.0,14.3,0,0,0,0,0,0,0,1100,20,0.925,Fe14.3Cr14.3Ni28.6Al28.6Cu14.3
14.3,0.0,14.3,28.6,28.6,0.0,0.0,14.3,0,0,0,0,0,0,0,1100,30,1.087,Fe14.3Cr14.3Ni28.6Al28.6Cu14.3
14.3,0.0,14.3,28.6,28.6,0.0,0.0,14.3,0,0,0,0,0,0,0,1100,40,1.136,Fe14.3Cr14.3Ni28.6Al28.6Cu14.3
14.3,0.0,14.3,28.6,28.6,0.0,0.0,14.3,0,0,0,0,0,0,0,1100,50,1.164,Fe14.3Cr14.3Ni28.6Al28.6Cu14.3
14.3,0.0,14.3,28.6,28.6,0.0,0.0,14.3,0,0,0,0,0,0,0,1100,60,1.392,Fe14.3Cr14.3Ni28.6Al28.6Cu14.3
14.3,0.0,14.3,28.6,28.6,0.0,0.0,14.3,0,0,0,0,0,0,0,1100,70,1.728,Fe14.3Cr14.3Ni28.6Al28.6Cu14.3
14.3,0.0,14.3,28.6,28.6,0.0,0.0,14.3,0,0,0,0,0,0,0,1100,80,1.782,Fe14.3Cr14.3Ni28.6Al28.6Cu14.3
14.3,0.0,14.3,28.6,28.6,0.0,0.0,14.3,0,0,0,0,0,0,0,1100,90,1.845,Fe14.3Cr14.3Ni28.6Al28.6Cu14.3
14.3,0.0,14.3,28.6,28.6,0.0,0.0,14.3,0,0,0,0,0,0,0,1100,100,2.084,Fe14.3Cr14.3Ni28.6Al28.6Cu14.3
15.0,35.0,25.0,20.0,5.0,0.0,0.0,0.0,0,0,0,0,0,0,0,1000,12,0.957,Fe15.0Co35.0Cr25.0Ni20.0Al5.0
15.0,35.0,25.0,20.0,5.0,0.0,0.0,0.0,0,0,0,0,0,0,0,1000,24,1.453,Fe15.0Co35.0Cr25.0Ni20.0Al5.0
15.0,35.0,25.0,20.0,5.0,0.0,0.0,0.0,0,0,0,0,0,0,0,1000,36,1.838,Fe15.0Co35.0Cr25.0Ni20.0Al5.0
15.0,35.0,25.0,20.0,5.0,0.0,0.0,0.0,0,0,0,0,0,0,0,1000,48,2.077,Fe15.0Co35.0Cr25.0Ni20.0Al5.0
15.0,25.0,20.0,35.0,5.0,0.0,0.0,0.0,0,0,0,0,0,0,0,1000,12,0.789,Fe15.0Co25.0Cr20.0Ni35.0Al5.0
15.0,25.0,20.0,35.0,5.0,0.0,0.0,0.0,0,0,0,0,0,0,0,1000,24,1.271,Fe15.0Co25.0Cr20.0Ni35.0Al5.0
15.0,25.0,20.0,35.0,5.0,0.0,0.0,0.0,0,0,0,0,0,0,0,1000,36,1.593,Fe15.0Co25.0Cr20.0Ni35.0Al5.0
15.0,25.0,20.0,35.0,5.0,0.0,0.0,0.0,0,0,0,0,0,0,0,1000,48,1.793,Fe15.0Co25.0Cr20.0Ni35.0Al5.0
23.0,23.0,23.0,23.0,7.0,0.0,0.0,0.0,0,0,0,0,0,0,0,1100,25,0.315,Fe23.0Co23.0Cr23.0Ni23.0Al7.0
23.0,23.0,23.0,23.0,7.0,0.0,0.0,0.0,0,0,0,0,0,0,0,1100,50,0.516,Fe23.0Co23.0Cr23.0Ni23.0Al7.0
23.0,23.0,23.0,23.0,7.0,0.0,0.0,0.0,0,0,0,0,0,0,0,1100,75,0.582,Fe23.0Co23.0Cr23.0Ni23.0Al7.0
23.0,23.0,23.0,23.0,7.0,0.0,0.0,0.0,0,0,0,0,0,0,0,1100,100,0.735,Fe23.0Co23.0Cr23.0Ni23.0Al7.0
23.0,23.0,23.0,23.0,7.0,0.0,0.0,0.0,0,0,0,0,0,0,0,1100,125,0.837,Fe23.0Co23.0Cr23.0Ni23.0Al7.0
23.0,23.0,23.0,23.0,7.0,0.0,0.0,0.0,0,0,0,0,0,0,0,1100,150,0.885,Fe23.0Co23.0Cr23.0Ni23.0Al7.0
23.0,23.0,23.0,23.0,7.0,0.0,0.0,0.0,0,0,0,0,0,0,0,1100,175,0.932,Fe23.0Co23.0Cr23.0Ni23.0Al7.0
23.0,23.0,23.0,23.0,7.0,0.0,0.0,0.0,0,0,0,0,0,0,0,1100,200,1.004,Fe23.0Co23.0Cr23.0Ni23.0Al7.0
21.3,21.3,21.3,21.3,14.9,0.0,0.0,0.0,0,0,0,0,0,0,0,1100,25,0.103,Fe21.3Co21.3Cr21.3Ni21.3Al14.9
21.3,21.3,21.3,21.3,14.9,0.0,0.0,0.0,0,0,0,0,0,0,0,1100,50,0.228,Fe21.3Co21.3Cr21.3Ni21.3Al14.9
21.3,21.3,21.3,21.3,14.9,0.0,0.0,0.0,0,0,0,0,0,0,0,1100,75,0.289,Fe21.3Co21.3Cr21.3Ni21.3Al14.9
21.3,21.3,21.3,21.3,14.9,0.0,0.0,0.0,0,0,0,0,0,0,0,1100,100,0.385,Fe21.3Co21.3Cr21.3Ni21.3Al14.9
21.3,21.3,21.3,21.3,14.9,0.0,0.0,0.0,0,0,0,0,0,0,0,1100,125,0.421,Fe21.3Co21.3Cr21.3Ni21.3Al14.9
21.3,21.3,21.3,21.3,14.9,0.0,0.0,0.0,0,0,0,0,0,0,0,1100,150,0.427,Fe21.3Co21.3Cr21.3Ni21.3Al14.9
21.3,21.3,21.3,21.3,14.9,0.0,0.0,0.0,0,0,0,0,0,0,0,1100,175,0.432,Fe21.3Co21.3Cr21.3Ni21.3Al14.9
21.3,21.3,21.3,21.3,14.9,0.0,0.0,0.0,0,0,0,0,0,0,0,1100,200,0.428,Fe21.3Co21.3Cr21.3Ni21.3Al14.9
22.2,22.2,22.2,22.2,11.11,0.0,0.0,0.0,0,0,0,0,0,0,0,1000,20,0.379,Fe22.2Co22.2Cr22.2Ni22.2Al11.11
22.2,22.2,22.2,22.2,11.11,0.0,0.0,0.0,0,0,0,0,0,0,0,1000,40,0.393,Fe22.2Co22.2Cr22.2Ni22.2Al11.11
22.2,22.2,22.2,22.2,11.11,0.0,0.0,0.0,0,0,0,0,0,0,0,1000,60,0.449,Fe22.2Co22.2Cr22.2Ni22.2Al11.11
22.2,22.2,22.2,22.2,11.11,0.0,0.0,0.0,0,0,0,0,0,0,0,1000,80,0.512,Fe22.2Co22.2Cr22.2Ni22.2Al11.11
22.2,22.2,22.2,22.2,11.11,0.0,0.0,0.0,0,0,0,0,0,0,0,1000,100,0.567,Fe22.2Co22.2Cr22.2Ni22.2Al11.11
18.2,18.2,18.2,18.2,18.2,9.1,0.0,0.0,0,0,0,0,0,0,0,1000,20,0.457,Fe18.2Co18.2Cr18.2Ni18.2Al18.2Ti9.1
18.2,18.2,18.2,18.2,18.2,9.1,0.0,0.0,0,0,0,0,0,0,0,1000,40,0.99,Fe18.2Co18.2Cr18.2Ni18.2Al18.2Ti9.1
18.2,18.2,18.2,18.2,18.2,9.1,0.0,0.0,0,0,0,0,0,0,0,1000,60,1.286,Fe18.2Co18.2Cr18.2Ni18.2Al18.2Ti9.1
18.2,18.2,18.2,18.2,18.2,9.1,0.0,0.0,0,0,0,0,0,0,0,1000,80,1.387,Fe18.2Co18.2Cr18.2Ni18.2Al18.2Ti9.1
18.2,18.2,18.2,18.2,18.2,9.1,0.0,0.0,0,0,0,0,0,0,0,1000,100,1.481,Fe18.2Co18.2Cr18.2Ni18.2Al18.2Ti9.1
20.0,20.0,20.0,20.0,10.0,10.0,0.0,0.0,0,0,0,0,0,0,0,1000,20,1.87,Fe20.0Co20.0Cr20.0Ni20.0Al10.0Ti10.0
20.0,20.0,20.0,20.0,10.0,10.0,0.0,0.0,0,0,0,0,0,0,0,1000,40,2.069,Fe20.0Co20.0Cr20.0Ni20.0Al10.0Ti10.0
20.0,20.0,20.0,20.0,10.0,10.0,0.0,0.0,0,0,0,0,0,0,0,1000,60,2.337,Fe20.0Co20.0Cr20.0Ni20.0Al10.0Ti10.0
20.0,20.0,20.0,20.0,10.0,10.0,0.0,0.0,0,0,0,0,0,0,0,1000,80,2.817,Fe20.0Co20.0Cr20.0Ni20.0Al10.0Ti10.0
20.0,20.0,20.0,20.0,10.0,10.0,0.0,0.0,0,0,0,0,0,0,0,1000,100,3.273,Fe20.0Co20.0Cr20.0Ni20.0Al10.0Ti10.0
22.2,22.2,22.2,22.2,0.0,11.1,0.0,0.0,0,0,0,0,0,0,0,1000,20,2.544,Fe22.2Co22.2Cr22.2Ni22.2Ti11.1
22.2,22.2,22.2,22.2,0.0,11.1,0.0,0.0,0,0,0,0,0,0,0,1000,40,5.561,Fe22.2Co22.2Cr22.2Ni22.2Ti11.1
22.2,22.2,22.2,22.2,0.0,11.1,0.0,0.0,0,0,0,0,0,0,0,1000,60,6.813,Fe22.2Co22.2Cr22.2Ni22.2Ti11.1
22.2,22.2,22.2,22.2,0.0,11.1,0.0,0.0,0,0,0,0,0,0,0,1000,80,7.084,Fe22.2Co22.2Cr22.2Ni22.2Ti11.1
22.2,22.2,22.2,22.2,0.0,11.1,0.0,0.0,0,0,0,0,0,0,0,1000,100,7.351,Fe22.2Co22.2Cr22.2Ni22.2Ti11.1
18.2,18.2,18.2,18.2,9.1,18.2,0.0,0.0,0,0,0,0,0,0,0,1000,20,3.193,Fe18.2Co18.2Cr18.2Ni18.2Al9.1Ti18.2
18.2,18.2,18.2,18.2,9.1,18.2,0.0,0.0,0,0,0,0,0,0,0,1000,40,6.442,Fe18.2Co18.2Cr18.2Ni18.2Al9.1Ti18.2
18.2,18.2,18.2,18.2,9.1,18.2,0.0,0.0,0,0,0,0,0,0,0,1000,60,9.252,Fe18.2Co18.2Cr18.2Ni18.2Al9.1Ti18.2
18.2,18.2,18.2,18.2,9.1,18.2,0.0,0.0,0,0,0,0,0,0,0,1000,80,11.586,Fe18.2Co18.2Cr18.2Ni18.2Al9.1Ti18.2
18.2,18.2,18.2,18.2,9.1,18.2,0.0,0.0,0,0,0,0,0,0,0,1000,100,13.844,Fe18.2Co18.2Cr18.2Ni18.2Al9.1Ti18.2
20.0,20.0,20.0,20.0,0.0,0.0,20.0,0.0,0,0,0,0,0,0,0,700,20,0.461,Fe20.0Co20.0Cr20.0Ni20.0Mn20.0
20.0,20.0,20.0,20.0,0.0,0.0,20.0,0.0,0,0,0,0,0,0,0,700,40,0.781,Fe20.0Co20.0Cr20.0Ni20.0Mn20.0
20.0,20.0,20.0,20.0,0.0,0.0,20.0,0.0,0,0,0,0,0,0,0,700,60,0.909,Fe20.0Co20.0Cr20.0Ni20.0Mn20.0
20.0,20.0,20.0,20.0,0.0,0.0,20.0,0.0,0,0,0,0,0,0,0,700,80,1.043,Fe20.0Co20.0Cr20.0Ni20.0Mn20.0
20.0,20.0,20.0,20.0,0.0,0.0,20.0,0.0,0,0,0,0,0,0,0,700,100,1.083,Fe20.0Co20.0Cr20.0Ni20.0Mn20.0
20.0,20.0,20.0,20.0,0.0,0.0,20.0,0.0,0,0,0,0,0,0,0,800,20,0.915,Fe20.0Co20.0Cr20.0Ni20.0Mn20.0
20.0,20.0,20.0,20.0,0.0,0.0,20.0,0.0,0,0,0,0,0,0,0,800,40,1.359,Fe20.0Co20.0Cr20.0Ni20.0Mn20.0
20.0,20.0,20.0,20.0,0.0,0.0,20.0,0.0,0,0,0,0,0,0,0,800,60,1.668,Fe20.0Co20.0Cr20.0Ni20.0Mn20.0
20.0,20.0,20.0,20.0,0.0,0.0,20.0,0.0,0,0,0,0,0,0,0,800,80,1.896,Fe20.0Co20.0Cr20.0Ni20.0Mn20.0
20.0,20.0,20.0,20.0,0.0,0.0,20.0,0.0,0,0,0,0,0,0,0,800,100,2.119,Fe20.0Co20.0Cr20.0Ni20.0Mn20.0
20.0,20.0,20.0,20.0,0.0,0.0,20.0,0.0,0,0,0,0,0,0,0,900,20,1.312,Fe20.0Co20.0Cr20.0Ni20.0Mn20.0
20.0,20.0,20.0,20.0,0.0,0.0,20.0,0.0,0,0,0,0,0,0,0,900,40,1.811,Fe20.0Co20.0Cr20.0Ni20.0Mn20.0
20.0,20.0,20.0,20.0,0.0,0.0,20.0,0.0,0,0,0,0,0,0,0,900,60,2.23,Fe20.0Co20.0Cr20.0Ni20.0Mn20.0
20.0,20.0,20.0,20.0,0.0,0.0,20.0,0.0,0,0,0,0,0,0,0,900,80,2.588,Fe20.0Co20.0Cr20.0Ni20.0Mn20.0
20.0,20.0,20.0,20.0,0.0,0.0,20.0,0.0,0,0,0,0,0,0,0,900,100,2.903,Fe20.0Co20.0Cr20.0Ni20.0Mn20.0
20.0,20.0,20.0,20.0,10.0,10.0,0.0,0.0,0,0,0,0,0,0,0,700,18,0.002,Fe20.0Co20.0Cr20.0Ni20.0Al10.0Ti10.0
20.0,20.0,20.0,20.0,10.0,10.0,0.0,0.0,0,0,0,0,0,0,0,700,48,0.002,Fe20.0Co20.0Cr20.0Ni20.0Al10.0Ti10.0
20.0,20.0,20.0,20.0,10.0,10.0,0.0,0.0,0,0,0,0,0,0,0,700,68,0.003,Fe20.0Co20.0Cr20.0Ni20.0Al10.0Ti10.0
20.0,20.0,20.0,20.0,10.0,10.0,0.0,0.0,0,0,0,0,0,0,0,700,90,0.003,Fe20.0Co20.0Cr20.0Ni20.0Al10.0Ti10.0
20.0,20.0,20.0,20.0,10.0,10.0,0.0,0.0,0,0,0,0,0,0,0,700,100,0.003,Fe20.0Co20.0Cr20.0Ni20.0Al10.0Ti10.0
20.0,20.0,20.0,20.0,10.0,10.0,0.0,0.0,0,0,0,0,0,0,0,900,20,0.001,Fe20.0Co20.0Cr20.0Ni20.0Al10.0Ti10.0
20.0,20.0,20.0,20.0,10.0,10.0,0.0,0.0,0,0,0,0,0,0,0,900,44,0.001,Fe20.0Co20.0Cr20.0Ni20.0Al10.0Ti10.0
20.0,20.0,20.0,20.0,10.0,10.0,0.0,0.0,0,0,0,0,0,0,0,900,67,0.002,Fe20.0Co20.0Cr20.0Ni20.0Al10.0Ti10.0
20.0,20.0,20.0,20.0,10.0,10.0,0.0,0.0,0,0,0,0,0,0,0,900,92,0.002,Fe20.0Co20.0Cr20.0Ni20.0Al10.0Ti10.0
20.0,20.0,20.0,20.0,10.0,10.0,0.0,0.0,0,0,0,0,0,0,0,900,100,0.002,Fe20.0Co20.0Cr20.0Ni20.0Al10.0Ti10.0
20.0,20.0,20.0,20.0,0.0,0.0,20.0,0.0,0,0,0,0,0,0,0,900,5,0.511,Fe20.0Co20.0Cr20.0Ni20.0Mn20.0
20.0,20.0,20.0,20.0,0.0,0.0,20.0,0.0,0,0,0,0,0,0,0,900,10,0.956,Fe20.0Co20.0Cr20.0Ni20.0Mn20.0
20.0,20.0,20.0,20.0,0.0,0.0,20.0,0.0,0,0,0,0,0,0,0,900,20,1.171,Fe20.0Co20.0Cr20.0Ni20.0Mn20.0
20.0,20.0,20.0,20.0,0.0,0.0,20.0,0.0,0,0,0,0,0,0,0,900,30,1.26,Fe20.0Co20.0Cr20.0Ni20.0Mn20.0
20.0,20.0,20.0,20.0,0.0,0.0,20.0,0.0,0,0,0,0,0,0,0,900,40,1.391,Fe20.0Co20.0Cr20.0Ni20.0Mn20.0
20.0,20.0,20.0,20.0,0.0,0.0,20.0,0.0,0,0,0,0,0,0,0,900,50,1.474,Fe20.0Co20.0Cr20.0Ni20.0Mn20.0
20.0,20.0,20.0,20.0,0.0,0.0,20.0,0.0,0,0,0,0,0,0,0,900,70,1.59,Fe20.0Co20.0Cr20.0Ni20.0Mn20.0
20.0,20.0,20.0,20.0,0.0,0.0,20.0,0.0,0,0,0,0,0,0,0,900,100,1.636,Fe20.0Co20.0Cr20.0Ni20.0Mn20.0
18.2,18.2,18.2,18.2,9.1,0.0,18.2,0.0,0,0,0,0,0,0,0,900,5,0.445,Fe18.2Co18.2Cr18.2Ni18.2Al9.1Mn18.2
18.2,18.2,18.2,18.2,9.1,0.0,18.2,0.0,0,0,0,0,0,0,0,900,20,0.991,Fe18.2Co18.2Cr18.2Ni18.2Al9.1Mn18.2
18.2,18.2,18.2,18.2,9.1,0.0,18.2,0.0,0,0,0,0,0,0,0,900,30,1.125,Fe18.2Co18.2Cr18.2Ni18.2Al9.1Mn18.2
18.2,18.2,18.2,18.2,9.1,0.0,18.2,0.0,0,0,0,0,0,0,0,900,40,1.281,Fe18.2Co18.2Cr18.2Ni18.2Al9.1Mn18.2
18.2,18.2,18.2,18.2,9.1,0.0,18.2,0.0,0,0,0,0,0,0,0,900,50,1.358,Fe18.2Co18.2Cr18.2Ni18.2Al9.1Mn18.2
18.2,18.2,18.2,18.2,9.1,0.0,18.2,0.0,0,0,0,0,0,0,0,900,70,1.472,Fe18.2Co18.2Cr18.2Ni18.2Al9.1Mn18.2
18.2,18.2,18.2,18.2,9.1,0.0,18.2,0.0,0,0,0,0,0,0,0,900,100,1.503,Fe18.2Co18.2Cr18.2Ni18.2Al9.1Mn18.2
16.7,16.7,16.7,16.7,16.7,0.0,16.7,0.0,0,0,0,0,0,0,0,900,5,0.378,Fe16.7Co16.7Cr16.7Ni16.7Al16.7Mn16.7
16.7,16.7,16.7,16.7,16.7,0.0,16.7,0.0,0,0,0,0,0,0,0,900,10,0.847,Fe16.7Co16.7Cr16.7Ni16.7Al16.7Mn16.7
16.7,16.7,16.7,16.7,16.7,0.0,16.7,0.0,0,0,0,0,0,0,0,900,20,1.023,Fe16.7Co16.7Cr16.7Ni16.7Al16.7Mn16.7
16.7,16.7,16.7,16.7,16.7,0.0,16.7,0.0,0,0,0,0,0,0,0,900,30,1.151,Fe16.7Co16.7Cr16.7Ni16.7Al16.7Mn16.7
16.7,16.7,16.7,16.7,16.7,0.0,16.7,0.0,0,0,0,0,0,0,0,900,40,1.184,Fe16.7Co16.7Cr16.7Ni16.7Al16.7Mn16.7
16.7,16.7,16.7,16.7,16.7,0.0,16.7,0.0,0,0,0,0,0,0,0,900,50,1.248,Fe16.7Co16.7Cr16.7Ni16.7Al16.7Mn16.7
16.7,16.7,16.7,16.7,16.7,0.0,16.7,0.0,0,0,0,0,0,0,0,900,70,1.301,Fe16.7Co16.7Cr16.7Ni16.7Al16.7Mn16.7
16.7,16.7,16.7,16.7,16.7,0.0,16.7,0.0,0,0,0,0,0,0,0,900,100,1.316,Fe16.7Co16.7Cr16.7Ni16.7Al16.7Mn16.7
15.4,15.4,15.4,15.4,23.1,0.0,15.4,0.0,0,0,0,0,0,0,0,900,5,0.377,Fe15.4Co15.4Cr15.4Ni15.4Al23.1Mn15.4
15.4,15.4,15.4,15.4,23.1,0.0,15.4,0.0,0,0,0,0,0,0,0,900,10,0.719,Fe15.4Co15.4Cr15.4Ni15.4Al23.1Mn15.4
15.4,15.4,15.4,15.4,23.1,0.0,15.4,0.0,0,0,0,0,0,0,0,900,20,0.886,Fe15.4Co15.4Cr15.4Ni15.4Al23.1Mn15.4
15.4,15.4,15.4,15.4,23.1,0.0,15.4,0.0,0,0,0,0,0,0,0,900,30,0.968,Fe15.4Co15.4Cr15.4Ni15.4Al23.1Mn15.4
15.4,15.4,15.4,15.4,23.1,0.0,15.4,0.0,0,0,0,0,0,0,0,900,40,1.017,Fe15.4Co15.4Cr15.4Ni15.4Al23.1Mn15.4
15.4,15.4,15.4,15.4,23.1,0.0,15.4,0.0,0,0,0,0,0,0,0,900,50,1.126,Fe15.4Co15.4Cr15.4Ni15.4Al23.1Mn15.4
15.4,15.4,15.4,15.4,23.1,0.0,15.4,0.0,0,0,0,0,0,0,0,900,70,1.194,Fe15.4Co15.4Cr15.4Ni15.4Al23.1Mn15.4
15.4,15.4,15.4,15.4,23.1,0.0,15.4,0.0,0,0,0,0,0,0,0,900,100,1.223,Fe15.4Co15.4Cr15.4Ni15.4Al23.1Mn15.4
14.3,14.3,14.3,14.3,28.6,0.0,14.3,0.0,0,0,0,0,0,0,0,900,5,0.26,Fe14.3Co14.3Cr14.3Ni14.3Al28.6Mn14.3
14.3,14.3,14.3,14.3,28.6,0.0,14.3,0.0,0,0,0,0,0,0,0,900,10,0.532,Fe14.3Co14.3Cr14.3Ni14.3Al28.6Mn14.3
14.3,14.3,14.3,14.3,28.6,0.0,14.3,0.0,0,0,0,0,0,0,0,900,20,0.809,Fe14.3Co14.3Cr14.3Ni14.3Al28.6Mn14.3
14.3,14.3,14.3,14.3,28.6,0.0,14.3,0.0,0,0,0,0,0,0,0,900,30,0.891,Fe14.3Co14.3Cr14.3Ni14.3Al28.6Mn14.3
14.3,14.3,14.3,14.3,28.6,0.0,14.3,0.0,0,0,0,0,0,0,0,900,40,0.905,Fe14.3Co14.3Cr14.3Ni14.3Al28.6Mn14.3
14.3,14.3,14.3,14.3,28.6,0.0,14.3,0.0,0,0,0,0,0,0,0,900,50,0.965,Fe14.3Co14.3Cr14.3Ni14.3Al28.6Mn14.3
14.3,14.3,14.3,14.3,28.6,0.0,14.3,0.0,0,0,0,0,0,0,0,900,70,1.027,Fe14.3Co14.3Cr14.3Ni14.3Al28.6Mn14.3
14.3,14.3,14.3,14.3,28.6,0.0,14.3,0.0,0,0,0,0,0,0,0,900,100,1.071,Fe14.3Co14.3Cr14.3Ni14.3Al28.6Mn14.3
16.67,0.0,16.67,16.67,16.67,16.67,0.0,16.67,0,0,0,0,0,0,0,850,14,0.436,Fe16.67Cr16.67Ni16.67Al16.67Ti16.67Cu16.67
16.67,0.0,16.67,16.67,16.67,16.67,0.0,16.67,0,0,0,0,0,0,0,850,27,0.665,Fe16.67Cr16.67Ni16.67Al16.67Ti16.67Cu16.67
16.67,0.0,16.67,16.67,16.67,16.67,0.0,16.67,0,0,0,0,0,0,0,850,45,0.935,Fe16.67Cr16.67Ni16.67Al16.67Ti16.67Cu16.67
16.67,0.0,16.67,16.67,16.67,16.67,0.0,16.67,0,0,0,0,0,0,0,850,68,1.215,Fe16.67Cr16.67Ni16.67Al16.67Ti16.67Cu16.67
16.67,0.0,16.67,16.67,16.67,16.67,0.0,16.67,0,0,0,0,0,0,0,850,86,1.412,Fe16.67Cr16.67Ni16.67Al16.67Ti16.67Cu16.67
16.67,0.0,16.67,16.67,16.67,16.67,0.0,16.67,0,0,0,0,0,0,0,850,110,1.644,Fe16.67Cr16.67Ni16.67Al16.67Ti16.67Cu16.67
16.67,0.0,16.67,16.67,16.67,16.67,0.0,16.67,0,0,0,0,0,0,0,850,135,1.917,Fe16.67Cr16.67Ni16.67Al16.67Ti16.67Cu16.67
16.67,0.0,16.67,16.67,16.67,16.67,0.0,16.67,0,0,0,0,0,0,0,850,177,2.27,Fe16.67Cr16.67Ni16.67Al16.67Ti16.67Cu16.67
16.67,0.0,16.67,16.67,16.67,16.67,0.0,16.67,0,0,0,0,0,0,0,850,217,2.593,Fe16.67Cr16.67Ni16.67Al16.67Ti16.67Cu16.67
16.67,0.0,16.67,16.67,16.67,16.67,0.0,16.67,0,0,0,0,0,0,0,850,267,2.971,Fe16.67Cr16.67Ni16.67Al16.67Ti16.67Cu16.67
16.67,0.0,16.67,16.67,16.67,16.67,0.0,16.67,0,0,0,0,0,0,0,850,320,3.383,Fe16.67Cr16.67Ni16.67Al16.67Ti16.67Cu16.67
16.67,0.0,16.67,16.67,16.67,16.67,0.0,16.67,0,0,0,0,0,0,0,850,400,3.95,Fe16.67Cr16.67Ni16.67Al16.67Ti16.67Cu16.67
23.26,0.0,23.26,23.26,30.23,0.0,0.0,0.0,0,0,0,0,0,0,0,1000,5,0.198,Fe23.26Cr23.26Ni23.26Al30.23
23.26,0.0,23.26,23.26,30.23,0.0,0.0,0.0,0,0,0,0,0,0,0,1000,10,0.262,Fe23.26Cr23.26Ni23.26Al30.23
23.26,0.0,23.26,23.26,30.23,0.0,0.0,0.0,0,0,0,0,0,0,0,1000,15,0.278,Fe23.26Cr23.26Ni23.26Al30.23
23.26,0.0,23.26,23.26,30.23,0.0,0.0,0.0,0,0,0,0,0,0,0,1000,20,0.328,Fe23.26Cr23.26Ni23.26Al30.23
23.26,0.0,23.26,23.26,30.23,0.0,0.0,0.0,0,0,0,0,0,0,0,1000,40,0.367,Fe23.26Cr23.26Ni23.26Al30.23
23.26,0.0,23.26,23.26,30.23,0.0,0.0,0.0,0,0,0,0,0,0,0,1000,50,0.411,Fe23.26Cr23.26Ni23.26Al30.23
23.26,0.0,23.26,23.26,30.23,0.0,0.0,0.0,0,0,0,0,0,0,0,1000,60,0.453,Fe23.26Cr23.26Ni23.26Al30.23
23.26,0.0,23.26,23.26,30.23,0.0,0.0,0.0,0,0,0,0,0,0,0,1000,70,0.465,Fe23.26Cr23.26Ni23.26Al30.23
23.26,0.0,23.26,23.26,30.23,0.0,0.0,0.0,0,0,0,0,0,0,0,1000,80,0.477,Fe23.26Cr23.26Ni23.26Al30.23
23.26,0.0,23.26,23.26,30.23,0.0,0.0,0.0,0,0,0,0,0,0,0,1000,100,0.487,Fe23.26Cr23.26Ni23.26Al30.23
