,No,class,HV,Al,Co,Cr,Cu,Fe,Ni,Mn,Mo,Ti,V,formula
0,1,2,220.0,0.0,0.222,0.222,0.0,0.222,0.222,0.0,0.111,0.0,0.0,Co0.222Cr0.222Fe0.222Ni0.222Mo0.111
1,2,2,440.0,0.1,0.2,0.2,0.0,0.2,0.2,0.0,0.1,0.0,0.0,Al0.1Co0.2Cr0.2Fe0.2Ni0.2Mo0.1
2,3,1,801.0,0.2,0.1,0.2,0.0,0.2,0.2,0.0,0.1,0.0,0.0,Al0.2Co0.1Cr0.2Fe0.2Ni0.2Mo0.1
3,4,1,755.0,0.2,0.2,0.2,0.0,0.1,0.2,0.0,0.1,0.0,0.0,Al0.2Co0.2Cr0.2Fe0.1Ni0.2Mo0.1
4,5,1,754.0,0.196,0.196,0.196,0.0,0.118,0.196,0.0,0.098,0.0,0.0,Al0.196Co0.196Cr0.196Fe0.118Ni0.196Mo0.098
5,6,1,708.0,0.2,0.2,0.2,0.0,0.2,0.1,0.0,0.1,0.0,0.0,Al0.2Co0.2Cr0.2Fe0.2Ni0.1Mo0.1
6,7,1,586.0,0.167,0.167,0.167,0.0,0.167,0.25,0.0,0.083,0.0,0.0,Al0.167Co0.167Cr0.167Fe0.167Ni0.25Mo0.083
7,8,2,395.0,0.154,0.154,0.154,0.0,0.154,0.308,0.0,0.077,0.0,0.0,Al0.154Co0.154Cr0.154Fe0.154Ni0.308Mo0.077
8,9,1,741.0,0.167,0.25,0.167,0.0,0.167,0.167,0.0,0.083,0.0,0.0,Al0.167Co0.25Cr0.167Fe0.167Ni0.167Mo0.083
9,10,1,586.0,0.154,0.308,0.154,0.0,0.154,0.154,0.0,0.077,0.0,0.0,Al0.154Co0.308Cr0.154Fe0.154Ni0.154Mo0.077
10,11,1,635.0,0.167,0.167,0.167,0.0,0.25,0.167,0.0,0.083,0.0,0.0,Al0.167Co0.167Cr0.167Fe0.25Ni0.167Mo0.083
11,12,1,639.0,0.154,0.154,0.154,0.0,0.308,0.154,0.0,0.077,0.0,0.0,Al0.154Co0.154Cr0.154Fe0.308Ni0.154Mo0.077
12,13,1,665.0,0.25,0.167,0.167,0.0,0.167,0.167,0.0,0.083,0.0,0.0,Al0.25Co0.167Cr0.167Fe0.167Ni0.167Mo0.083
13,14,1,615.0,0.308,0.154,0.154,0.0,0.154,0.154,0.0,0.077,0.0,0.0,Al0.308Co0.154Cr0.154Fe0.154Ni0.154Mo0.077
14,15,2,151.0,0.0,0.19,0.19,0.0,0.19,0.19,0.19,0.0,0.0,0.048,Co0.19Cr0.19Fe0.19Ni0.19Mn0.19V0.048
15,16,2,186.0,0.0,0.182,0.182,0.0,0.182,0.182,0.182,0.0,0.0,0.091,Co0.182Cr0.182Fe0.182Ni0.182Mn0.182V0.091
16,17,2,342.0,0.0,0.174,0.174,0.0,0.174,0.174,0.174,0.0,0.0,0.13,Co0.174Cr0.174Fe0.174Ni0.174Mn0.174V0.13
17,18,1,650.0,0.0,0.167,0.167,0.0,0.167,0.167,0.167,0.0,0.0,0.167,Co0.167Cr0.167Fe0.167Ni0.167Mn0.167V0.167
18,19,2,180.0,0.02,0.196,0.196,0.0,0.196,0.196,0.196,0.0,0.0,0.0,Al0.02Co0.196Cr0.196Fe0.196Ni0.196Mn0.196
19,20,2,171.0,0.038,0.192,0.192,0.0,0.192,0.192,0.192,0.0,0.0,0.0,Al0.038Co0.192Cr0.192Fe0.192Ni0.192Mn0.192
20,21,2,182.0,0.071,0.186,0.186,0.0,0.186,0.186,0.186,0.0,0.0,0.0,Al0.071Co0.186Cr0.186Fe0.186Ni0.186Mn0.186
21,22,2,183.0,0.079,0.184,0.184,0.0,0.184,0.184,0.184,0.0,0.0,0.0,Al0.079Co0.184Cr0.184Fe0.184Ni0.184Mn0.184
22,23,2,220.0,0.089,0.182,0.182,0.0,0.182,0.182,0.182,0.0,0.0,0.0,Al0.089Co0.182Cr0.182Fe0.182Ni0.182Mn0.182
23,24,2,278.0,0.101,0.18,0.18,0.0,0.18,0.18,0.18,0.0,0.0,0.0,Al0.101Co0.18Cr0.18Fe0.18Ni0.18Mn0.18
24,25,2,405.0,0.11,0.178,0.178,0.0,0.178,0.178,0.178,0.0,0.0,0.0,Al0.11Co0.178Cr0.178Fe0.178Ni0.178Mn0.178
25,26,2,486.0,0.12,0.176,0.176,0.0,0.176,0.176,0.176,0.0,0.0,0.0,Al0.12Co0.176Cr0.176Fe0.176Ni0.176Mn0.176
26,27,1,530.0,0.13,0.174,0.174,0.0,0.174,0.174,0.174,0.0,0.0,0.0,Al0.13Co0.174Cr0.174Fe0.174Ni0.174Mn0.174
27,28,1,539.0,0.139,0.172,0.172,0.0,0.172,0.172,0.172,0.0,0.0,0.0,Al0.139Co0.172Cr0.172Fe0.172Ni0.172Mn0.172
28,29,1,533.0,0.15,0.17,0.17,0.0,0.17,0.17,0.17,0.0,0.0,0.0,Al0.15Co0.17Cr0.17Fe0.17Ni0.17Mn0.17
29,30,1,535.0,0.16,0.168,0.168,0.0,0.168,0.168,0.168,0.0,0.0,0.0,Al0.16Co0.168Cr0.168Fe0.168Ni0.168Mn0.168
30,31,1,539.0,0.2,0.16,0.16,0.0,0.16,0.16,0.16,0.0,0.0,0.0,Al0.2Co0.16Cr0.16Fe0.16Ni0.16Mn0.16
31,32,2,396.0,0.111,0.0,0.222,0.0,0.333,0.111,0.222,0.0,0.0,0.0,Al0.111Cr0.222Fe0.333Ni0.111Mn0.222
32,33,2,297.0,0.07,0.0,0.233,0.0,0.349,0.116,0.233,0.0,0.0,0.0,Al0.07Cr0.233Fe0.349Ni0.116Mn0.233
33,34,1,857.0,0.222,0.222,0.222,0.0,0.222,0.0,0.0,0.111,0.0,0.0,Al0.222Co0.222Cr0.222Fe0.222Mo0.111
34,35,1,549.0,0.238,0.0,0.238,0.0,0.238,0.238,0.0,0.048,0.0,0.0,Al0.238Cr0.238Fe0.238Ni0.238Mo0.048
35,36,1,622.0,0.222,0.0,0.222,0.0,0.222,0.222,0.0,0.111,0.0,0.0,Al0.222Cr0.222Fe0.222Ni0.222Mo0.111
36,37,1,854.0,0.208,0.0,0.208,0.0,0.208,0.208,0.0,0.167,0.0,0.0,Al0.208Cr0.208Fe0.208Ni0.208Mo0.167
37,38,1,905.0,0.2,0.0,0.2,0.0,0.2,0.2,0.0,0.2,0.0,0.0,Al0.2Cr0.2Fe0.2Ni0.2Mo0.2
38,39,2,134.0,0.0,0.25,0.25,0.25,0.25,0.0,0.0,0.0,0.0,0.0,Co0.25Cr0.25Cu0.25Fe0.25
39,40,2,180.0,0.07,0.233,0.233,0.233,0.233,0.0,0.0,0.0,0.0,0.0,Al0.07Co0.233Cr0.233Cu0.233Fe0.233
40,41,2,207.0,0.111,0.222,0.222,0.222,0.222,0.0,0.0,0.0,0.0,0.0,Al0.111Co0.222Cr0.222Cu0.222Fe0.222
41,42,2,271.0,0.167,0.208,0.208,0.208,0.208,0.0,0.0,0.0,0.0,0.0,Al0.167Co0.208Cr0.208Cu0.208Fe0.208
42,43,2,476.0,0.245,0.189,0.189,0.189,0.189,0.0,0.0,0.0,0.0,0.0,Al0.245Co0.189Cr0.189Cu0.189Fe0.189
43,44,1,510.0,0.273,0.182,0.182,0.182,0.182,0.0,0.0,0.0,0.0,0.0,Al0.273Co0.182Cr0.182Cu0.182Fe0.182
44,45,1,557.0,0.31,0.172,0.172,0.172,0.172,0.0,0.0,0.0,0.0,0.0,Al0.31Co0.172Cr0.172Cu0.172Fe0.172
45,46,1,567.0,0.333,0.167,0.167,0.167,0.167,0.0,0.0,0.0,0.0,0.0,Al0.333Co0.167Cr0.167Cu0.167Fe0.167
46,47,1,603.0,0.365,0.159,0.159,0.159,0.159,0.0,0.0,0.0,0.0,0.0,Al0.365Co0.159Cr0.159Cu0.159Fe0.159
47,48,1,624.0,0.385,0.154,0.154,0.154,0.154,0.0,0.0,0.0,0.0,0.0,Al0.385Co0.154Cr0.154Cu0.154Fe0.154
48,49,1,657.0,0.412,0.147,0.147,0.147,0.147,0.0,0.0,0.0,0.0,0.0,Al0.412Co0.147Cr0.147Cu0.147Fe0.147
49,50,1,644.0,0.429,0.143,0.143,0.143,0.143,0.0,0.0,0.0,0.0,0.0,Al0.429Co0.143Cr0.143Cu0.143Fe0.143
50,51,2,172.0,0.0,0.222,0.222,0.111,0.222,0.222,0.0,0.0,0.0,0.0,Co0.222Cr0.222Cu0.111Fe0.222Ni0.222
51,52,2,272.0,0.088,0.175,0.175,0.175,0.175,0.175,0.0,0.0,0.035,0.0,Al0.088Co0.175Cr0.175Cu0.175Fe0.175Ni0.175Ti0.035
52,53,2,321.0,0.085,0.169,0.169,0.169,0.169,0.169,0.0,0.0,0.068,0.0,Al0.085Co0.169Cr0.169Cu0.169Fe0.169Ni0.169Ti0.068
53,54,2,458.0,0.082,0.164,0.164,0.164,0.164,0.164,0.0,0.0,0.098,0.0,Al0.082Co0.164Cr0.164Cu0.164Fe0.164Ni0.164Ti0.098
54,55,1,590.0,0.079,0.159,0.159,0.159,0.159,0.159,0.0,0.0,0.127,0.0,Al0.079Co0.159Cr0.159Cu0.159Fe0.159Ni0.159Ti0.127
55,56,1,636.0,0.077,0.154,0.154,0.154,0.154,0.154,0.0,0.0,0.154,0.0,Al0.077Co0.154Cr0.154Cu0.154Fe0.154Ni0.154Ti0.154
56,57,1,646.0,0.075,0.149,0.149,0.149,0.149,0.149,0.0,0.0,0.179,0.0,Al0.075Co0.149Cr0.149Cu0.149Fe0.149Ni0.149Ti0.179
57,58,1,664.0,0.072,0.145,0.145,0.145,0.145,0.145,0.0,0.0,0.203,0.0,Al0.072Co0.145Cr0.145Cu0.145Fe0.145Ni0.145Ti0.203
58,59,1,657.0,0.07,0.141,0.141,0.141,0.141,0.141,0.0,0.0,0.225,0.0,Al0.07Co0.141Cr0.141Cu0.141Fe0.141Ni0.141Ti0.225
59,60,1,667.0,0.068,0.137,0.137,0.137,0.137,0.137,0.0,0.0,0.247,0.0,Al0.068Co0.137Cr0.137Cu0.137Fe0.137Ni0.137Ti0.247
60,61,1,696.0,0.067,0.133,0.133,0.133,0.133,0.133,0.0,0.0,0.267,0.0,Al0.067Co0.133Cr0.133Cu0.133Fe0.133Ni0.133Ti0.267
61,62,2,204.0,0.088,0.175,0.175,0.175,0.175,0.175,0.0,0.0,0.0,0.035,Al0.088Co0.175Cr0.175Cu0.175Fe0.175Ni0.175V0.035
62,63,2,231.0,0.085,0.169,0.169,0.169,0.169,0.169,0.0,0.0,0.0,0.068,Al0.085Co0.169Cr0.169Cu0.169Fe0.169Ni0.169V0.068
63,64,2,328.0,0.082,0.164,0.164,0.164,0.164,0.164,0.0,0.0,0.0,0.098,Al0.082Co0.164Cr0.164Cu0.164Fe0.164Ni0.164V0.098
64,65,2,447.0,0.079,0.159,0.159,0.159,0.159,0.159,0.0,0.0,0.0,0.127,Al0.079Co0.159Cr0.159Cu0.159Fe0.159Ni0.159V0.127
65,66,1,639.0,0.077,0.154,0.154,0.154,0.154,0.154,0.0,0.0,0.0,0.154,Al0.077Co0.154Cr0.154Cu0.154Fe0.154Ni0.154V0.154
66,67,1,579.0,0.075,0.149,0.149,0.149,0.149,0.149,0.0,0.0,0.0,0.179,Al0.075Co0.149Cr0.149Cu0.149Fe0.149Ni0.149V0.179
67,68,1,577.0,0.072,0.145,0.145,0.145,0.145,0.145,0.0,0.0,0.0,0.203,Al0.072Co0.145Cr0.145Cu0.145Fe0.145Ni0.145V0.203
68,69,1,594.0,0.07,0.141,0.141,0.141,0.141,0.141,0.0,0.0,0.0,0.225,Al0.07Co0.141Cr0.141Cu0.141Fe0.141Ni0.141V0.225
69,70,1,597.0,0.068,0.137,0.137,0.137,0.137,0.137,0.0,0.0,0.0,0.247,Al0.068Co0.137Cr0.137Cu0.137Fe0.137Ni0.137V0.247
70,71,1,587.0,0.067,0.133,0.133,0.133,0.133,0.133,0.0,0.0,0.0,0.267,Al0.067Co0.133Cr0.133Cu0.133Fe0.133Ni0.133V0.267
71,72,2,208.0,0.0,0.2,0.0,0.2,0.2,0.2,0.2,0.0,0.0,0.0,Co0.2Cu0.2Fe0.2Ni0.2Mn0.2
72,73,2,296.0,0.0,0.0,0.2,0.2,0.2,0.2,0.2,0.0,0.0,0.0,Cr0.2Cu0.2Fe0.2Ni0.2Mn0.2
73,74,2,263.0,0.0,0.0,0.2,0.2,0.2,0.2,0.0,0.2,0.0,0.0,Cr0.2Cu0.2Fe0.2Ni0.2Mo0.2
74,75,2,473.0,0.182,0.091,0.182,0.182,0.182,0.182,0.0,0.0,0.0,0.0,Al0.182Co0.091Cr0.182Cu0.182Fe0.182Ni0.182
75,76,2,367.0,0.182,0.182,0.091,0.182,0.182,0.182,0.0,0.0,0.0,0.0,Al0.182Co0.182Cr0.091Cu0.182Fe0.182Ni0.182
76,77,2,418.0,0.182,0.182,0.182,0.182,0.091,0.182,0.0,0.0,0.0,0.0,Al0.182Co0.182Cr0.182Cu0.182Fe0.091Ni0.182
77,78,2,423.0,0.182,0.182,0.182,0.182,0.182,0.091,0.0,0.0,0.0,0.0,Al0.182Co0.182Cr0.182Cu0.182Fe0.182Ni0.091
78,79,2,168.0,0.053,0.211,0.211,0.0,0.263,0.263,0.0,0.0,0.0,0.0,Al0.053Co0.211Cr0.211Fe0.263Ni0.263
79,80,2,225.0,0.125,0.125,0.125,0.0,0.125,0.5,0.0,0.0,0.0,0.0,Al0.125Co0.125Cr0.125Fe0.125Ni0.5
80,81,2,143.0,0.0,0.0,0.25,0.25,0.25,0.25,0.0,0.0,0.0,0.0,Cr0.25Cu0.25Fe0.25Ni0.25
81,82,2,146.0,0.0,0.05,0.238,0.238,0.238,0.238,0.0,0.0,0.0,0.0,Co0.05Cr0.238Cu0.238Fe0.238Ni0.238
82,83,2,150.0,0.0,0.1,0.225,0.225,0.225,0.225,0.0,0.0,0.0,0.0,Co0.1Cr0.225Cu0.225Fe0.225Ni0.225
83,84,2,158.0,0.0,0.15,0.213,0.213,0.213,0.213,0.0,0.0,0.0,0.0,Co0.15Cr0.213Cu0.213Fe0.213Ni0.213
84,85,2,175.0,0.0,0.333,0.167,0.167,0.167,0.167,0.0,0.0,0.0,0.0,Co0.333Cr0.167Cu0.167Fe0.167Ni0.167
85,86,2,154.0,0.0,0.25,0.0,0.25,0.25,0.25,0.0,0.0,0.0,0.0,Co0.25Cu0.25Fe0.25Ni0.25
86,87,2,153.0,0.0,0.238,0.05,0.238,0.238,0.238,0.0,0.0,0.0,0.0,Co0.238Cr0.05Cu0.238Fe0.238Ni0.238
87,88,2,158.0,0.0,0.225,0.1,0.225,0.225,0.225,0.0,0.0,0.0,0.0,Co0.225Cr0.1Cu0.225Fe0.225Ni0.225
88,89,2,161.0,0.0,0.213,0.15,0.213,0.213,0.213,0.0,0.0,0.0,0.0,Co0.213Cr0.15Cu0.213Fe0.213Ni0.213
89,90,2,172.0,0.0,0.167,0.333,0.167,0.167,0.167,0.0,0.0,0.0,0.0,Co0.167Cr0.333Cu0.167Fe0.167Ni0.167
90,91,2,183.0,0.0,0.25,0.25,0.25,0.0,0.25,0.0,0.0,0.0,0.0,Co0.25Cr0.25Cu0.25Ni0.25
91,92,2,182.0,0.0,0.238,0.238,0.238,0.05,0.238,0.0,0.0,0.0,0.0,Co0.238Cr0.238Cu0.238Fe0.05Ni0.238
92,93,2,172.0,0.0,0.225,0.225,0.225,0.1,0.225,0.0,0.0,0.0,0.0,Co0.225Cr0.225Cu0.225Fe0.1Ni0.225
93,94,2,171.0,0.0,0.213,0.213,0.213,0.15,0.213,0.0,0.0,0.0,0.0,Co0.213Cr0.213Cu0.213Fe0.15Ni0.213
94,95,2,157.0,0.0,0.167,0.167,0.167,0.333,0.167,0.0,0.0,0.0,0.0,Co0.167Cr0.167Cu0.167Fe0.333Ni0.167
95,96,2,170.0,0.0,0.225,0.225,0.225,0.225,0.1,0.0,0.0,0.0,0.0,Co0.225Cr0.225Cu0.225Fe0.225Ni0.1
96,97,2,167.0,0.0,0.213,0.213,0.213,0.213,0.15,0.0,0.0,0.0,0.0,Co0.213Cr0.213Cu0.213Fe0.213Ni0.15
97,98,2,158.0,0.0,0.167,0.167,0.167,0.167,0.333,0.0,0.0,0.0,0.0,Co0.167Cr0.167Cu0.167Fe0.167Ni0.333
98,99,2,140.0,0.0,0.267,0.267,0.0,0.267,0.2,0.0,0.0,0.0,0.0,Co0.267Cr0.267Fe0.267Ni0.2
99,100,2,125.0,0.0,0.2,0.2,0.0,0.2,0.4,0.0,0.0,0.0,0.0,Co0.2Cr0.2Fe0.2Ni0.4
100,101,2,242.0,0.143,0.143,0.143,0.0,0.143,0.429,0.0,0.0,0.0,0.0,Al0.143Co0.143Cr0.143Fe0.143Ni0.429
101,102,2,265.0,0.154,0.154,0.154,0.0,0.154,0.385,0.0,0.0,0.0,0.0,Al0.154Co0.154Cr0.154Fe0.154Ni0.385
102,103,2,335.0,0.167,0.167,0.167,0.0,0.167,0.333,0.0,0.0,0.0,0.0,Al0.167Co0.167Cr0.167Fe0.167Ni0.333
103,104,2,170.0,0.0,0.283,0.283,0.0,0.283,0.15,0.0,0.0,0.0,0.0,Co0.283Cr0.283Fe0.283Ni0.15
104,105,2,475.0,0.05,0.317,0.317,0.0,0.317,0.0,0.0,0.0,0.0,0.0,Al0.05Co0.317Cr0.317Fe0.317
105,106,1,620.0,0.1,0.3,0.3,0.0,0.3,0.0,0.0,0.0,0.0,0.0,Al0.1Co0.3Cr0.3Fe0.3
106,107,1,503.0,0.182,0.182,0.182,0.0,0.182,0.273,0.0,0.0,0.0,0.0,Al0.182Co0.182Cr0.182Fe0.182Ni0.273
107,108,1,555.0,0.213,0.213,0.213,0.0,0.213,0.15,0.0,0.0,0.0,0.0,Al0.213Co0.213Cr0.213Fe0.213Ni0.15
108,109,1,548.0,0.225,0.225,0.225,0.0,0.225,0.1,0.0,0.0,0.0,0.0,Al0.225Co0.225Cr0.225Fe0.225Ni0.1
109,110,1,615.0,0.238,0.238,0.238,0.0,0.238,0.05,0.0,0.0,0.0,0.0,Al0.238Co0.238Cr0.238Fe0.238Ni0.05
110,111,1,720.0,0.25,0.25,0.25,0.0,0.25,0.0,0.0,0.0,0.0,0.0,Al0.25Co0.25Cr0.25Fe0.25
111,112,1,550.0,0.238,0.05,0.238,0.0,0.238,0.238,0.0,0.0,0.0,0.0,Al0.238Co0.05Cr0.238Fe0.238Ni0.238
112,113,1,539.0,0.225,0.1,0.225,0.0,0.225,0.225,0.0,0.0,0.0,0.0,Al0.225Co0.1Cr0.225Fe0.225Ni0.225
113,114,1,532.0,0.167,0.333,0.167,0.0,0.167,0.167,0.0,0.0,0.0,0.0,Al0.167Co0.333Cr0.167Fe0.167Ni0.167
114,115,2,438.0,0.238,0.238,0.05,0.0,0.238,0.238,0.0,0.0,0.0,0.0,Al0.238Co0.238Cr0.05Fe0.238Ni0.238
115,116,2,476.0,0.225,0.225,0.1,0.0,0.225,0.225,0.0,0.0,0.0,0.0,Al0.225Co0.225Cr0.1Fe0.225Ni0.225
116,117,1,510.0,0.213,0.213,0.15,0.0,0.213,0.213,0.0,0.0,0.0,0.0,Al0.213Co0.213Cr0.15Fe0.213Ni0.213
117,118,1,617.0,0.167,0.167,0.333,0.0,0.167,0.167,0.0,0.0,0.0,0.0,Al0.167Co0.167Cr0.333Fe0.167Ni0.167
118,119,1,712.0,0.25,0.25,0.25,0.0,0.0,0.25,0.0,0.0,0.0,0.0,Al0.25Co0.25Cr0.25Ni0.25
119,120,1,665.0,0.238,0.238,0.238,0.0,0.05,0.238,0.0,0.0,0.0,0.0,Al0.238Co0.238Cr0.238Fe0.05Ni0.238
120,121,1,587.0,0.225,0.225,0.225,0.0,0.1,0.225,0.0,0.0,0.0,0.0,Al0.225Co0.225Cr0.225Fe0.1Ni0.225
121,122,1,558.0,0.213,0.213,0.213,0.0,0.15,0.213,0.0,0.0,0.0,0.0,Al0.213Co0.213Cr0.213Fe0.15Ni0.213
122,123,1,655.0,0.15,0.283,0.283,0.0,0.283,0.0,0.0,0.0,0.0,0.0,Al0.15Co0.283Cr0.283Fe0.283
123,124,1,695.0,0.2,0.267,0.267,0.0,0.267,0.0,0.0,0.0,0.0,0.0,Al0.2Co0.267Cr0.267Fe0.267
124,125,1,775.0,0.4,0.2,0.2,0.0,0.2,0.0,0.0,0.0,0.0,0.0,Al0.4Co0.2Cr0.2Fe0.2
125,126,2,183.0,0.057,0.189,0.189,0.189,0.189,0.189,0.0,0.0,0.0,0.0,Al0.057Co0.189Cr0.189Cu0.189Fe0.189Ni0.189
126,127,2,272.0,0.138,0.172,0.172,0.172,0.172,0.172,0.0,0.0,0.0,0.0,Al0.138Co0.172Cr0.172Cu0.172Fe0.172Ni0.172
127,128,2,473.0,0.206,0.159,0.159,0.159,0.159,0.159,0.0,0.0,0.0,0.0,Al0.206Co0.159Cr0.159Cu0.159Fe0.159Ni0.159
128,129,1,604.0,0.265,0.147,0.147,0.147,0.147,0.147,0.0,0.0,0.0,0.0,Al0.265Co0.147Cr0.147Cu0.147Fe0.147Ni0.147
129,130,1,508.0,0.231,0.154,0.154,0.154,0.154,0.154,0.0,0.0,0.0,0.0,Al0.231Co0.154Cr0.154Cu0.154Fe0.154Ni0.154
130,131,1,602.0,0.315,0.137,0.137,0.137,0.137,0.137,0.0,0.0,0.0,0.0,Al0.315Co0.137Cr0.137Cu0.137Fe0.137Ni0.137
131,132,1,623.0,0.333,0.133,0.133,0.133,0.133,0.133,0.0,0.0,0.0,0.0,Al0.333Co0.133Cr0.133Cu0.133Fe0.133Ni0.133
132,133,1,653.0,0.359,0.128,0.128,0.128,0.128,0.128,0.0,0.0,0.0,0.0,Al0.359Co0.128Cr0.128Cu0.128Fe0.128Ni0.128
133,134,1,688.0,0.375,0.125,0.125,0.125,0.125,0.125,0.0,0.0,0.0,0.0,Al0.375Co0.125Cr0.125Cu0.125Fe0.125Ni0.125
134,135,2,118.0,0.024,0.244,0.244,0.0,0.244,0.244,0.0,0.0,0.0,0.0,Al0.024Co0.244Cr0.244Fe0.244Ni0.244
135,136,2,338.0,0.149,0.213,0.213,0.0,0.213,0.213,0.0,0.0,0.0,0.0,Al0.149Co0.213Cr0.213Fe0.213Ni0.213
136,137,2,382.0,0.167,0.208,0.208,0.0,0.208,0.208,0.0,0.0,0.0,0.0,Al0.167Co0.208Cr0.208Fe0.208Ni0.208
137,138,1,527.0,0.184,0.204,0.204,0.0,0.204,0.204,0.0,0.0,0.0,0.0,Al0.184Co0.204Cr0.204Fe0.204Ni0.204
138,139,2,482.0,0.31,0.172,0.172,0.0,0.172,0.172,0.0,0.0,0.0,0.0,Al0.31Co0.172Cr0.172Fe0.172Ni0.172
139,140,2,166.0,0.143,0.429,0.0,0.143,0.143,0.143,0.0,0.0,0.0,0.0,Al0.143Co0.429Cu0.143Fe0.143Ni0.143
140,141,1,531.0,0.238,0.048,0.0,0.238,0.238,0.238,0.0,0.0,0.0,0.0,Al0.238Co0.048Cu0.238Fe0.238Ni0.238
141,142,1,545.0,0.222,0.111,0.0,0.222,0.222,0.222,0.0,0.0,0.0,0.0,Al0.222Co0.111Cu0.222Fe0.222Ni0.222
142,143,2,366.0,0.182,0.273,0.0,0.182,0.182,0.182,0.0,0.0,0.0,0.0,Al0.182Co0.273Cu0.182Fe0.182Ni0.182
143,144,2,249.0,0.167,0.333,0.0,0.167,0.167,0.167,0.0,0.0,0.0,0.0,Al0.167Co0.333Cu0.167Fe0.167Ni0.167
144,145,2,110.0,0.059,0.235,0.235,0.0,0.235,0.235,0.0,0.0,0.0,0.0,Al0.059Co0.235Cr0.235Fe0.235Ni0.235
145,146,2,388.0,0.158,0.211,0.211,0.0,0.211,0.211,0.0,0.0,0.0,0.0,Al0.158Co0.211Cr0.211Fe0.211Ni0.211
146,147,1,538.0,0.179,0.205,0.205,0.0,0.205,0.205,0.0,0.0,0.0,0.0,Al0.179Co0.205Cr0.205Fe0.205Ni0.205
147,148,2,162.0,0.038,0.0,0.192,0.192,0.192,0.385,0.0,0.0,0.0,0.0,Al0.038Cr0.192Cu0.192Fe0.192Ni0.385
148,149,2,170.0,0.057,0.0,0.189,0.189,0.189,0.377,0.0,0.0,0.0,0.0,Al0.057Cr0.189Cu0.189Fe0.189Ni0.377
149,150,2,200.0,0.074,0.0,0.185,0.185,0.185,0.37,0.0,0.0,0.0,0.0,Al0.074Cr0.185Cu0.185Fe0.185Ni0.37
150,151,2,238.0,0.091,0.0,0.182,0.182,0.182,0.364,0.0,0.0,0.0,0.0,Al0.091Cr0.182Cu0.182Fe0.182Ni0.364
151,152,2,278.0,0.107,0.0,0.179,0.179,0.179,0.357,0.0,0.0,0.0,0.0,Al0.107Cr0.179Cu0.179Fe0.179Ni0.357
152,153,2,290.0,0.123,0.0,0.175,0.175,0.175,0.351,0.0,0.0,0.0,0.0,Al0.123Cr0.175Cu0.175Fe0.175Ni0.351
153,154,2,315.0,0.138,0.0,0.172,0.172,0.172,0.345,0.0,0.0,0.0,0.0,Al0.138Cr0.172Cu0.172Fe0.172Ni0.345
154,155,2,339.0,0.153,0.0,0.169,0.169,0.169,0.339,0.0,0.0,0.0,0.0,Al0.153Cr0.169Cu0.169Fe0.169Ni0.339
155,156,1,521.0,0.194,0.0,0.161,0.161,0.161,0.323,0.0,0.0,0.0,0.0,Al0.194Cr0.161Cu0.161Fe0.161Ni0.323
156,157,1,546.0,0.231,0.0,0.154,0.154,0.154,0.308,0.0,0.0,0.0,0.0,Al0.231Cr0.154Cu0.154Fe0.154Ni0.308
157,158,1,550.0,0.242,0.0,0.152,0.152,0.152,0.303,0.0,0.0,0.0,0.0,Al0.242Cr0.152Cu0.152Fe0.152Ni0.303
158,159,1,567.0,0.286,0.0,0.143,0.143,0.143,0.286,0.0,0.0,0.0,0.0,Al0.286Cr0.143Cu0.143Fe0.143Ni0.286
159,160,1,576.0,0.306,0.0,0.139,0.139,0.139,0.278,0.0,0.0,0.0,0.0,Al0.306Cr0.139Cu0.139Fe0.139Ni0.278
160,161,1,593.0,0.333,0.0,0.133,0.133,0.133,0.267,0.0,0.0,0.0,0.0,Al0.333Cr0.133Cu0.133Fe0.133Ni0.267
161,162,2,495.0,0.217,0.0,0.217,0.217,0.217,0.13,0.0,0.0,0.0,0.0,Al0.217Cr0.217Cu0.217Fe0.217Ni0.13
162,163,2,486.0,0.208,0.0,0.208,0.208,0.208,0.167,0.0,0.0,0.0,0.0,Al0.208Cr0.208Cu0.208Fe0.208Ni0.167
163,164,2,408.0,0.192,0.0,0.192,0.192,0.192,0.231,0.0,0.0,0.0,0.0,Al0.192Cr0.192Cu0.192Fe0.192Ni0.231
164,165,2,369.0,0.185,0.0,0.185,0.185,0.185,0.259,0.0,0.0,0.0,0.0,Al0.185Cr0.185Cu0.185Fe0.185Ni0.259
165,166,2,358.0,0.167,0.167,0.167,0.083,0.167,0.25,0.0,0.0,0.0,0.0,Al0.167Co0.167Cr0.167Cu0.083Fe0.167Ni0.25
166,167,1,586.0,0.2,0.2,0.2,0.1,0.1,0.2,0.0,0.0,0.0,0.0,Al0.2Co0.2Cr0.2Cu0.1Fe0.1Ni0.2
167,168,1,601.0,0.167,0.167,0.25,0.083,0.167,0.167,0.0,0.0,0.0,0.0,Al0.167Co0.167Cr0.25Cu0.083Fe0.167Ni0.167
168,169,2,295.0,0.154,0.308,0.154,0.077,0.154,0.154,0.0,0.0,0.0,0.0,Al0.154Co0.308Cr0.154Cu0.077Fe0.154Ni0.154
169,170,1,584.0,0.222,0.222,0.0,0.111,0.222,0.222,0.0,0.0,0.0,0.0,Al0.222Co0.222Cu0.111Fe0.222Ni0.222
170,171,2,310.0,0.154,0.154,0.154,0.077,0.154,0.308,0.0,0.0,0.0,0.0,Al0.154Co0.154Cr0.154Cu0.077Fe0.154Ni0.308
171,172,2,451.0,0.167,0.25,0.167,0.083,0.167,0.167,0.0,0.0,0.0,0.0,Al0.167Co0.25Cr0.167Cu0.083Fe0.167Ni0.167
172,173,1,546.0,0.2,0.2,0.1,0.1,0.2,0.2,0.0,0.0,0.0,0.0,Al0.2Co0.2Cr0.1Cu0.1Fe0.2Ni0.2
173,174,1,607.0,0.154,0.154,0.308,0.077,0.154,0.154,0.0,0.0,0.0,0.0,Al0.154Co0.154Cr0.308Cu0.077Fe0.154Ni0.154
174,175,1,537.0,0.167,0.167,0.167,0.083,0.25,0.167,0.0,0.0,0.0,0.0,Al0.167Co0.167Cr0.167Cu0.083Fe0.25Ni0.167
175,176,1,514.0,0.154,0.154,0.154,0.077,0.308,0.154,0.0,0.0,0.0,0.0,Al0.154Co0.154Cr0.154Cu0.077Fe0.308Ni0.154
176,177,1,604.0,0.2,0.2,0.2,0.1,0.2,0.1,0.0,0.0,0.0,0.0,Al0.2Co0.2Cr0.2Cu0.1Fe0.2Ni0.1
177,178,1,639.0,0.222,0.222,0.222,0.111,0.222,0.0,0.0,0.0,0.0,0.0,Al0.222Co0.222Cr0.222Cu0.111Fe0.222
178,179,1,534.0,0.222,0.0,0.222,0.111,0.222,0.222,0.0,0.0,0.0,0.0,Al0.222Cr0.222Cu0.111Fe0.222Ni0.222
179,180,1,609.0,0.308,0.154,0.154,0.077,0.154,0.154,0.0,0.0,0.0,0.0,Al0.308Co0.154Cr0.154Cu0.077Fe0.154Ni0.154
180,181,1,551.0,0.2,0.1,0.2,0.1,0.2,0.2,0.0,0.0,0.0,0.0,Al0.2Co0.1Cr0.2Cu0.1Fe0.2Ni0.2
181,182,2,382.0,0.111,0.0,0.222,0.222,0.222,0.222,0.0,0.0,0.0,0.0,Al0.111Cr0.222Cu0.222Fe0.222Ni0.222
182,183,1,573.0,0.273,0.0,0.182,0.182,0.182,0.182,0.0,0.0,0.0,0.0,Al0.273Cr0.182Cu0.182Fe0.182Ni0.182
183,184,1,651.0,0.333,0.0,0.167,0.167,0.167,0.167,0.0,0.0,0.0,0.0,Al0.333Cr0.167Cu0.167Fe0.167Ni0.167
184,185,2,137.0,0.077,0.308,0.0,0.0,0.308,0.308,0.0,0.0,0.0,0.0,Al0.077Co0.308Fe0.308Ni0.308
185,186,2,209.0,0.143,0.286,0.0,0.0,0.286,0.286,0.0,0.0,0.0,0.0,Al0.143Co0.286Fe0.286Ni0.286
186,187,2,383.0,0.2,0.267,0.0,0.0,0.267,0.267,0.0,0.0,0.0,0.0,Al0.2Co0.267Fe0.267Ni0.267
187,188,2,280.0,0.08,0.17,0.17,0.08,0.17,0.33,0.0,0.0,0.0,0.0,Al0.08Co0.17Cr0.17Cu0.08Fe0.17Ni0.33
188,189,1,580.0,0.23,0.15,0.23,0.08,0.15,0.16,0.0,0.0,0.0,0.0,Al0.23Co0.15Cr0.23Cu0.08Fe0.15Ni0.16
189,190,2,450.0,0.118,0.0,0.294,0.0,0.441,0.147,0.0,0.0,0.0,0.0,Al0.118Cr0.294Fe0.441Ni0.147
190,191,2,304.0,0.063,0.0,0.313,0.0,0.469,0.156,0.0,0.0,0.0,0.0,Al0.063Cr0.313Fe0.469Ni0.156
191,192,1,695.0,0.385,0.154,0.154,0.0,0.154,0.154,0.0,0.0,0.0,0.0,Al0.385Co0.154Cr0.154Fe0.154Ni0.154
192,193,1,740.0,0.429,0.143,0.143,0.0,0.143,0.143,0.0,0.0,0.0,0.0,Al0.429Co0.143Cr0.143Fe0.143Ni0.143
193,194,1,571.0,0.286,0.143,0.143,0.143,0.143,0.143,0.0,0.0,0.0,0.0,Al0.286Co0.143Cr0.143Cu0.143Fe0.143Ni0.143
194,195,2,415.0,0.2,0.2,0.2,0.2,0.0,0.2,0.0,0.0,0.0,0.0,Al0.2Co0.2Cr0.2Cu0.2Ni0.2
195,196,1,602.0,0.25,0.167,0.167,0.083,0.167,0.167,0.0,0.0,0.0,0.0,Al0.25Co0.167Cr0.167Cu0.083Fe0.167Ni0.167
196,197,2,144.0,0.0,0.2,0.2,0.2,0.2,0.2,0.0,0.0,0.0,0.0,Co0.2Cr0.2Cu0.2Fe0.2Ni0.2
197,198,1,764.0,0.43,0.06,0.33,0.06,0.06,0.06,0.0,0.0,0.0,0.0,Al0.43Co0.06Cr0.33Cu0.06Fe0.06Ni0.06
198,199,1,591.0,0.429,0.143,0.071,0.071,0.071,0.214,0.0,0.0,0.0,0.0,Al0.429Co0.143Cr0.071Cu0.071Fe0.071Ni0.214
199,200,1,701.0,0.429,0.214,0.071,0.071,0.071,0.143,0.0,0.0,0.0,0.0,Al0.429Co0.214Cr0.071Cu0.071Fe0.071Ni0.143
200,201,1,768.0,0.4,0.133,0.067,0.133,0.2,0.067,0.0,0.0,0.0,0.0,Al0.4Co0.133Cr0.067Cu0.133Fe0.2Ni0.067
201,202,1,702.0,0.462,0.154,0.077,0.077,0.154,0.077,0.0,0.0,0.0,0.0,Al0.462Co0.154Cr0.077Cu0.077Fe0.154Ni0.077
202,203,1,720.0,0.429,0.143,0.143,0.071,0.071,0.143,0.0,0.0,0.0,0.0,Al0.429Co0.143Cr0.143Cu0.071Fe0.071Ni0.143
203,204,1,694.0,0.429,0.071,0.143,0.071,0.143,0.143,0.0,0.0,0.0,0.0,Al0.429Co0.071Cr0.143Cu0.071Fe0.143Ni0.143
204,205,2,149.0,0.07,0.0,0.233,0.0,0.233,0.465,0.0,0.0,0.0,0.0,Al0.07Cr0.233Fe0.233Ni0.465
205,206,2,229.0,0.111,0.0,0.222,0.0,0.222,0.444,0.0,0.0,0.0,0.0,Al0.111Cr0.222Fe0.222Ni0.444
206,207,2,459.0,0.13,0.0,0.28,0.22,0.06,0.31,0.0,0.0,0.0,0.0,Al0.13Cr0.28Cu0.22Fe0.06Ni0.31
207,208,2,469.0,0.12,0.0,0.31,0.21,0.05,0.31,0.0,0.0,0.0,0.0,Al0.12Cr0.31Cu0.21Fe0.05Ni0.31
208,209,2,483.0,0.12,0.0,0.31,0.2,0.05,0.32,0.0,0.0,0.0,0.0,Al0.12Cr0.31Cu0.2Fe0.05Ni0.32
209,210,2,472.0,0.1,0.0,0.35,0.25,0.05,0.25,0.0,0.0,0.0,0.0,Al0.1Cr0.35Cu0.25Fe0.05Ni0.25
210,211,2,454.0,0.1,0.0,0.35,0.26,0.05,0.24,0.0,0.0,0.0,0.0,Al0.1Cr0.35Cu0.26Fe0.05Ni0.24
211,212,2,441.0,0.1,0.0,0.35,0.24,0.05,0.26,0.0,0.0,0.0,0.0,Al0.1Cr0.35Cu0.24Fe0.05Ni0.26
212,213,2,495.0,0.11,0.0,0.29,0.29,0.05,0.26,0.0,0.0,0.0,0.0,Al0.11Cr0.29Cu0.29Fe0.05Ni0.26
213,214,2,477.0,0.11,0.0,0.28,0.29,0.07,0.25,0.0,0.0,0.0,0.0,Al0.11Cr0.28Cu0.29Fe0.07Ni0.25
214,215,2,469.0,0.11,0.0,0.28,0.27,0.06,0.28,0.0,0.0,0.0,0.0,Al0.11Cr0.28Cu0.27Fe0.06Ni0.28
215,216,1,718.0,0.231,0.0,0.154,0.154,0.154,0.154,0.154,0.0,0.0,0.0,Al0.231Cr0.154Cu0.154Fe0.154Ni0.154Mn0.154
216,217,1,525.2,0.172,0.172,0.172,0.0,0.172,0.172,0.0,0.0,0.138,0.0,Al0.172Co0.172Cr0.172Fe0.172Ni0.172Ti0.138
217,218,2,138.0,0.0,0.25,0.0,0.0,0.25,0.25,0.25,0.0,0.0,0.0,Co0.25Fe0.25Ni0.25Mn0.25
218,219,1,834.0,0.0,0.0,0.244,0.024,0.244,0.244,0.0,0.0,0.244,0.0,Cr0.244Cu0.024Fe0.244Ni0.244Ti0.244
219,220,1,825.0,0.0,0.0,0.235,0.059,0.235,0.235,0.0,0.0,0.235,0.0,Cr0.235Cu0.059Fe0.235Ni0.235Ti0.235
220,221,1,727.0,0.0,0.0,0.222,0.111,0.222,0.222,0.0,0.0,0.222,0.0,Cr0.222Cu0.111Fe0.222Ni0.222Ti0.222
221,222,1,661.0,0.0,0.0,0.211,0.158,0.211,0.211,0.0,0.0,0.211,0.0,Cr0.211Cu0.158Fe0.211Ni0.211Ti0.211
222,223,1,657.0,0.0,0.0,0.2,0.2,0.2,0.2,0.0,0.0,0.2,0.0,Cr0.2Cu0.2Fe0.2Ni0.2Ti0.2
223,224,2,136.0,0.0,0.0,0.1,0.0,0.5,0.1,0.3,0.0,0.0,0.0,Cr0.1Fe0.5Ni0.1Mn0.3
224,225,2,149.0,0.0,0.0,0.18,0.0,0.5,0.1,0.22,0.0,0.0,0.0,Cr0.18Fe0.5Ni0.1Mn0.22
225,226,1,887.0,0.0,0.2,0.2,0.0,0.2,0.2,0.0,0.0,0.2,0.0,Co0.2Cr0.2Fe0.2Ni0.2Ti0.2
226,227,2,482.0,0.164,0.164,0.164,0.164,0.164,0.164,0.0,0.0,0.0,0.016,Al0.164Co0.164Cr0.164Cu0.164Fe0.164Ni0.164V0.016
227,228,2,372.0,0.152,0.0,0.152,0.242,0.152,0.303,0.0,0.0,0.0,0.0,Al0.152Cr0.152Cu0.242Fe0.152Ni0.303
228,229,2,376.0,0.048,0.0,0.238,0.238,0.0,0.238,0.0,0.0,0.238,0.0,Al0.048Cr0.238Cu0.238Ni0.238Ti0.238
229,230,1,513.0,0.2,0.0,0.2,0.2,0.0,0.2,0.0,0.0,0.2,0.0,Al0.2Cr0.2Cu0.2Ni0.2Ti0.2
230,231,2,458.0,0.0,0.25,0.0,0.0,0.25,0.25,0.0,0.25,0.0,0.0,Co0.25Fe0.25Ni0.25Mo0.25
231,232,1,750.0,0.2,0.2,0.0,0.0,0.2,0.2,0.0,0.2,0.0,0.0,Al0.2Co0.2Fe0.2Ni0.2Mo0.2
232,233,2,135.3,0.025,0.25,0.225,0.0,0.25,0.25,0.0,0.0,0.0,0.0,Al0.025Co0.25Cr0.225Fe0.25Ni0.25
233,234,2,147.2,0.05,0.25,0.2,0.0,0.25,0.25,0.0,0.0,0.0,0.0,Al0.05Co0.25Cr0.2Fe0.25Ni0.25
234,235,2,175.3,0.075,0.25,0.175,0.0,0.25,0.25,0.0,0.0,0.0,0.0,Al0.075Co0.25Cr0.175Fe0.25Ni0.25
235,236,2,190.4,0.1,0.25,0.15,0.0,0.25,0.25,0.0,0.0,0.0,0.0,Al0.1Co0.25Cr0.15Fe0.25Ni0.25
236,237,2,210.6,0.125,0.25,0.125,0.0,0.25,0.25,0.0,0.0,0.0,0.0,Al0.125Co0.25Cr0.125Fe0.25Ni0.25
237,238,2,250.3,0.15,0.25,0.1,0.0,0.25,0.25,0.0,0.0,0.0,0.0,Al0.15Co0.25Cr0.1Fe0.25Ni0.25
238,239,2,314.1,0.175,0.25,0.075,0.0,0.25,0.25,0.0,0.0,0.0,0.0,Al0.175Co0.25Cr0.075Fe0.25Ni0.25
239,240,2,386.5,0.2,0.25,0.05,0.0,0.25,0.25,0.0,0.0,0.0,0.0,Al0.2Co0.25Cr0.05Fe0.25Ni0.25
240,241,2,486.3,0.225,0.25,0.025,0.0,0.25,0.25,0.0,0.0,0.0,0.0,Al0.225Co0.25Cr0.025Fe0.25Ni0.25
241,242,2,147.0,0.065,0.217,0.217,0.0,0.217,0.217,0.065,0.0,0.0,0.0,Al0.065Co0.217Cr0.217Fe0.217Ni0.217Mn0.065
242,243,2,135.0,0.061,0.204,0.204,0.0,0.204,0.204,0.122,0.0,0.0,0.0,Al0.061Co0.204Cr0.204Fe0.204Ni0.204Mn0.122
243,244,2,176.0,0.104,0.208,0.208,0.0,0.208,0.208,0.063,0.0,0.0,0.0,Al0.104Co0.208Cr0.208Fe0.208Ni0.208Mn0.063
244,245,2,161.0,0.098,0.196,0.196,0.0,0.196,0.196,0.118,0.0,0.0,0.0,Al0.098Co0.196Cr0.196Fe0.196Ni0.196Mn0.118
245,246,1,501.0,0.189,0.189,0.189,0.0,0.189,0.189,0.057,0.0,0.0,0.0,Al0.189Co0.189Cr0.189Fe0.189Ni0.189Mn0.057
246,247,2,489.0,0.179,0.179,0.179,0.0,0.179,0.179,0.107,0.0,0.0,0.0,Al0.179Co0.179Cr0.179Fe0.179Ni0.179Mn0.107
247,248,2,340.0,0.206,0.159,0.159,0.0,0.159,0.317,0.0,0.0,0.0,0.0,Al0.206Co0.159Cr0.159Fe0.159Ni0.317
248,249,2,460.0,0.182,0.0,0.182,0.182,0.182,0.182,0.0,0.0,0.091,0.0,Al0.182Cr0.182Cu0.182Fe0.182Ni0.182Ti0.091
249,250,1,596.0,0.154,0.0,0.154,0.154,0.154,0.154,0.0,0.0,0.231,0.0,Al0.154Cr0.154Cu0.154Fe0.154Ni0.154Ti0.231
250,251,1,687.48,0.2,0.0,0.2,0.0,0.2,0.2,0.0,0.0,0.2,0.0,Al0.2Cr0.2Fe0.2Ni0.2Ti0.2
251,252,1,666.38,0.22,0.183,0.183,0.0,0.183,0.183,0.0,0.0,0.046,0.0,Al0.22Co0.183Cr0.183Fe0.183Ni0.183Ti0.046
252,253,1,717.02,0.211,0.175,0.175,0.0,0.175,0.175,0.0,0.0,0.088,0.0,Al0.211Co0.175Cr0.175Fe0.175Ni0.175Ti0.088
253,254,1,702.61,0.202,0.168,0.168,0.0,0.168,0.168,0.0,0.0,0.126,0.0,Al0.202Co0.168Cr0.168Fe0.168Ni0.168Ti0.126
254,255,1,676.45,0.194,0.161,0.161,0.0,0.161,0.161,0.0,0.0,0.161,0.0,Al0.194Co0.161Cr0.161Fe0.161Ni0.161Ti0.161
255,256,1,589.0,0.0,0.154,0.0,0.154,0.154,0.154,0.0,0.0,0.231,0.154,Co0.154Cu0.154Fe0.154Ni0.154Ti0.231V0.154
256,257,1,851.08,0.167,0.167,0.167,0.0,0.167,0.167,0.0,0.167,0.0,0.0,Al0.167Co0.167Cr0.167Fe0.167Ni0.167Mo0.167
257,258,2,240.7,0.095,0.19,0.19,0.143,0.19,0.19,0.0,0.0,0.0,0.0,Al0.095Co0.19Cr0.19Cu0.143Fe0.19Ni0.19
258,259,2,240.78,0.1,0.2,0.2,0.1,0.2,0.2,0.0,0.0,0.0,0.0,Al0.1Co0.2Cr0.2Cu0.1Fe0.2Ni0.2
259,260,2,312.54,0.135,0.192,0.192,0.096,0.192,0.192,0.0,0.0,0.0,0.0,Al0.135Co0.192Cr0.192Cu0.096Fe0.192Ni0.192
260,261,2,341.09,0.143,0.19,0.19,0.095,0.19,0.19,0.0,0.0,0.0,0.0,Al0.143Co0.19Cr0.19Cu0.095Fe0.19Ni0.19
261,262,2,375.23,0.15,0.2,0.2,0.05,0.2,0.2,0.0,0.0,0.0,0.0,Al0.15Co0.2Cr0.2Cu0.05Fe0.2Ni0.2
262,263,2,403.25,0.152,0.19,0.19,0.086,0.19,0.19,0.0,0.0,0.0,0.0,Al0.152Co0.19Cr0.19Cu0.086Fe0.19Ni0.19
263,264,1,560.11,0.17,0.189,0.189,0.075,0.189,0.189,0.0,0.0,0.0,0.0,Al0.17Co0.189Cr0.189Cu0.075Fe0.189Ni0.189
264,265,1,578.26,0.196,0.196,0.196,0.02,0.196,0.196,0.0,0.0,0.0,0.0,Al0.196Co0.196Cr0.196Cu0.02Fe0.196Ni0.196
265,266,1,657.0,0.0,0.0,0.167,0.167,0.167,0.167,0.0,0.0,0.167,0.167,Cr0.167Cu0.167Fe0.167Ni0.167Ti0.167V0.167
266,267,1,593.0,0.077,0.0,0.154,0.154,0.154,0.154,0.0,0.0,0.154,0.154,Al0.077Cr0.154Cu0.154Fe0.154Ni0.154Ti0.154V0.154
267,268,1,750.0,0.143,0.0,0.143,0.143,0.143,0.143,0.0,0.0,0.143,0.143,Al0.143Cr0.143Cu0.143Fe0.143Ni0.143Ti0.143V0.143
268,269,1,895.0,0.2,0.0,0.133,0.133,0.133,0.133,0.0,0.0,0.133,0.133,Al0.2Cr0.133Cu0.133Fe0.133Ni0.133Ti0.133V0.133
269,270,2,467.0,0.192,0.192,0.192,0.0,0.192,0.192,0.0,0.0,0.038,0.0,Al0.192Co0.192Cr0.192Fe0.192Ni0.192Ti0.038
270,271,2,127.0,0.0,0.0,0.215,0.032,0.215,0.323,0.215,0.0,0.0,0.0,Cr0.215Cu0.032Fe0.215Ni0.323Mn0.215
271,272,2,375.0,0.167,0.0,0.167,0.333,0.167,0.167,0.0,0.0,0.0,0.0,Al0.167Cr0.167Cu0.333Fe0.167Ni0.167
272,273,1,637.2,0.238,0.238,0.238,0.0,0.048,0.238,0.0,0.0,0.0,0.0,Al0.238Co0.238Cr0.238Fe0.048Ni0.238
273,274,2,470.5,0.0,0.222,0.222,0.0,0.222,0.222,0.0,0.0,0.0,0.111,Co0.222Cr0.222Fe0.222Ni0.222V0.111
274,275,1,920.2,0.0,0.167,0.167,0.0,0.167,0.167,0.0,0.0,0.0,0.333,Co0.167Cr0.167Fe0.167Ni0.167V0.333
275,276,2,480.8,0.035,0.263,0.175,0.0,0.175,0.263,0.0,0.0,0.088,0.0,Al0.035Co0.263Cr0.175Fe0.175Ni0.263Ti0.088
276,277,1,671.6,0.032,0.242,0.161,0.0,0.161,0.242,0.0,0.0,0.161,0.0,Al0.032Co0.242Cr0.161Fe0.161Ni0.242Ti0.161
277,278,1,804.0,0.182,0.182,0.182,0.091,0.182,0.0,0.0,0.0,0.182,0.0,Al0.182Co0.182Cr0.182Cu0.091Fe0.182Ti0.182
278,279,1,613.0,0.174,0.174,0.174,0.13,0.174,0.0,0.0,0.0,0.174,0.0,Al0.174Co0.174Cr0.174Cu0.13Fe0.174Ti0.174
279,280,1,582.0,0.167,0.167,0.167,0.167,0.167,0.0,0.0,0.0,0.167,0.0,Al0.167Co0.167Cr0.167Cu0.167Fe0.167Ti0.167
280,281,2,165.03,0.05,0.225,0.25,0.225,0.0,0.25,0.0,0.0,0.0,0.0,Al0.05Co0.225Cr0.25Cu0.225Ni0.25
281,282,2,131.3,0.0,0.1,0.1,0.0,0.4,0.0,0.4,0.0,0.0,0.0,Co0.1Cr0.1Fe0.4Mn0.4
282,283,2,136.0,0.0,0.1,0.0,0.0,0.4,0.1,0.4,0.0,0.0,0.0,Co0.1Fe0.4Ni0.1Mn0.4
283,284,2,380.0,0.0,0.1,0.1,0.0,0.5,0.0,0.3,0.0,0.0,0.0,Co0.1Cr0.1Fe0.5Mn0.3
284,285,1,720.0,0.0,0.0,0.25,0.0,0.25,0.0,0.0,0.25,0.0,0.25,Cr0.25Fe0.25Mo0.25V0.25
285,286,1,818.0,0.0,0.0,0.222,0.0,0.222,0.0,0.0,0.222,0.111,0.222,Cr0.222Fe0.222Mo0.222Ti0.111V0.222
286,287,1,735.0,0.0,0.0,0.182,0.0,0.182,0.0,0.0,0.182,0.273,0.182,Cr0.182Fe0.182Mo0.182Ti0.273V0.182
287,288,1,685.0,0.0,0.0,0.167,0.0,0.167,0.0,0.0,0.167,0.333,0.167,Cr0.167Fe0.167Mo0.167Ti0.333V0.167
288,289,2,150.0,0.0,0.244,0.244,0.0,0.244,0.244,0.0,0.024,0.0,0.0,Co0.244Cr0.244Fe0.244Ni0.244Mo0.024
289,290,2,124.0,0.0,0.2,0.2,0.0,0.4,0.2,0.0,0.0,0.0,0.0,Co0.2Cr0.2Fe0.4Ni0.2
290,291,2,109.0,0.0,0.143,0.143,0.0,0.571,0.143,0.0,0.0,0.0,0.0,Co0.143Cr0.143Fe0.571Ni0.143
291,292,2,115.0,0.0,0.167,0.167,0.0,0.5,0.167,0.0,0.0,0.0,0.0,Co0.167Cr0.167Fe0.5Ni0.167
292,293,2,214.0,0.0,0.222,0.0,0.111,0.222,0.222,0.0,0.0,0.0,0.222,Co0.222Cu0.111Fe0.222Ni0.222V0.222
293,294,1,546.0,0.0,0.2,0.0,0.1,0.2,0.2,0.0,0.0,0.1,0.2,Co0.2Cu0.1Fe0.2Ni0.2Ti0.1V0.2
294,295,1,690.0,0.0,0.182,0.0,0.091,0.182,0.182,0.0,0.0,0.182,0.182,Co0.182Cu0.091Fe0.182Ni0.182Ti0.182V0.182
295,296,1,664.0,0.0,0.167,0.0,0.083,0.167,0.167,0.0,0.0,0.25,0.167,Co0.167Cu0.083Fe0.167Ni0.167Ti0.25V0.167
296,297,1,660.0,0.0,0.154,0.0,0.077,0.154,0.154,0.0,0.0,0.308,0.154,Co0.154Cu0.077Fe0.154Ni0.154Ti0.308V0.154
297,298,2,310.0,0.0,0.25,0.25,0.0,0.25,0.0,0.25,0.0,0.0,0.0,Co0.25Cr0.25Fe0.25Mn0.25
298,299,2,245.8,0.13,0.217,0.217,0.0,0.217,0.217,0.0,0.0,0.0,0.0,Al0.13Co0.217Cr0.217Fe0.217Ni0.217
299,300,2,169.0,0.048,0.238,0.238,0.0,0.238,0.238,0.0,0.0,0.0,0.0,Al0.048Co0.238Cr0.238Fe0.238Ni0.238
300,301,1,516.6,0.259,0.185,0.185,0.0,0.185,0.185,0.0,0.0,0.0,0.0,Al0.259Co0.185Cr0.185Fe0.185Ni0.185
301,302,2,193.0,0.133,0.333,0.0,0.2,0.0,0.333,0.0,0.0,0.0,0.0,Al0.133Co0.333Cu0.2Ni0.333
302,303,2,166.0,0.07,0.233,0.233,0.0,0.233,0.233,0.0,0.0,0.0,0.0,Al0.07Co0.233Cr0.233Fe0.233Ni0.233
303,304,2,131.0,0.086,0.229,0.229,0.0,0.229,0.229,0.0,0.0,0.0,0.0,Al0.086Co0.229Cr0.229Fe0.229Ni0.229
304,305,2,472.0,0.167,0.167,0.167,0.167,0.167,0.167,0.0,0.0,0.0,0.0,Al0.167Co0.167Cr0.167Cu0.167Fe0.167Ni0.167
305,306,2,485.0,0.167,0.167,0.167,0.0,0.333,0.167,0.0,0.0,0.0,0.0,Al0.167Co0.167Cr0.167Fe0.333Ni0.167
306,307,1,626.0,0.167,0.167,0.0,0.167,0.167,0.167,0.0,0.0,0.167,0.0,Al0.167Co0.167Cu0.167Fe0.167Ni0.167Ti0.167
307,308,2,396.0,0.167,0.0,0.167,0.167,0.167,0.333,0.0,0.0,0.0,0.0,Al0.167Cr0.167Cu0.167Fe0.167Ni0.333
308,309,2,473.0,0.16,0.2,0.2,0.0,0.2,0.2,0.0,0.0,0.04,0.0,Al0.16Co0.2Cr0.2Fe0.2Ni0.2Ti0.04
309,310,1,747.0,0.182,0.182,0.182,0.0,0.182,0.182,0.0,0.091,0.0,0.0,Al0.182Co0.182Cr0.182Fe0.182Ni0.182Mo0.091
310,311,1,507.0,0.182,0.182,0.182,0.0,0.182,0.182,0.0,0.0,0.091,0.0,Al0.182Co0.182Cr0.182Fe0.182Ni0.182Ti0.091
311,312,1,520.0,0.1,0.2,0.2,0.0,0.2,0.2,0.0,0.0,0.1,0.0,Al0.1Co0.2Cr0.2Fe0.2Ni0.2Ti0.1
312,313,2,493.0,0.238,0.19,0.19,0.0,0.19,0.19,0.0,0.0,0.0,0.0,Al0.238Co0.19Cr0.19Fe0.19Ni0.19
313,314,2,447.0,0.25,0.25,0.0,0.0,0.25,0.25,0.0,0.0,0.0,0.0,Al0.25Co0.25Fe0.25Ni0.25
314,315,1,570.0,0.265,0.0,0.147,0.147,0.147,0.294,0.0,0.0,0.0,0.0,Al0.265Cr0.147Cu0.147Fe0.147Ni0.294
315,316,1,510.0,0.273,0.182,0.182,0.0,0.182,0.182,0.0,0.0,0.0,0.0,Al0.273Co0.182Cr0.182Fe0.182Ni0.182
316,317,1,729.0,0.286,0.143,0.143,0.0,0.143,0.143,0.0,0.0,0.143,0.0,Al0.286Co0.143Cr0.143Fe0.143Ni0.143Ti0.143
317,318,2,407.0,0.2,0.2,0.2,0.2,0.2,0.0,0.0,0.0,0.0,0.0,Al0.2Co0.2Cr0.2Cu0.2Fe0.2
318,319,1,536.0,0.2,0.2,0.0,0.2,0.2,0.2,0.0,0.0,0.0,0.0,Al0.2Co0.2Cu0.2Fe0.2Ni0.2
319,320,1,596.3,0.0,0.25,0.167,0.0,0.167,0.25,0.0,0.0,0.167,0.0,Co0.25Cr0.167Fe0.167Ni0.25Ti0.167
320,321,2,156.0,0.0,0.25,0.25,0.0,0.25,0.25,0.0,0.0,0.0,0.0,Co0.25Cr0.25Fe0.25Ni0.25
321,322,2,447.5,0.0,0.273,0.182,0.0,0.182,0.273,0.0,0.0,0.091,0.0,Co0.273Cr0.182Fe0.182Ni0.273Ti0.091
322,323,2,118.0,0.0,0.2,0.2,0.0,0.2,0.2,0.2,0.0,0.0,0.0,Co0.2Cr0.2Fe0.2Ni0.2Mn0.2
323,324,1,857.0,0.0,0.0,0.2,0.0,0.2,0.0,0.0,0.2,0.2,0.2,Cr0.2Fe0.2Mo0.2Ti0.2V0.2
324,325,1,504.0,0.0,0.2,0.2,0.0,0.2,0.2,0.0,0.0,0.0,0.2,Co0.2Cr0.2Fe0.2Ni0.2V0.2
325,326,1,895.0,0.0,0.182,0.182,0.0,0.182,0.182,0.0,0.0,0.0,0.273,Co0.182Cr0.182Fe0.182Ni0.182V0.273
326,327,1,699.0,0.34,0.17,0.34,0.0,0.05,0.1,0.0,0.0,0.0,0.0,Al0.34Co0.17Cr0.34Fe0.05Ni0.1
327,328,1,728.0,0.47,0.14,0.15,0.05,0.13,0.06,0.0,0.0,0.0,0.0,Al0.47Co0.14Cr0.15Cu0.05Fe0.13Ni0.06
328,329,1,604.0,0.38,0.11,0.06,0.09,0.31,0.05,0.0,0.0,0.0,0.0,Al0.38Co0.11Cr0.06Cu0.09Fe0.31Ni0.05
329,330,1,790.0,0.36,0.1,0.31,0.06,0.09,0.08,0.0,0.0,0.0,0.0,Al0.36Co0.1Cr0.31Cu0.06Fe0.09Ni0.08
330,331,1,806.0,0.43,0.17,0.15,0.0,0.14,0.11,0.0,0.0,0.0,0.0,Al0.43Co0.17Cr0.15Fe0.14Ni0.11
331,332,1,811.0,0.47,0.12,0.12,0.05,0.13,0.11,0.0,0.0,0.0,0.0,Al0.47Co0.12Cr0.12Cu0.05Fe0.13Ni0.11
332,333,1,855.0,0.43,0.19,0.19,0.0,0.11,0.08,0.0,0.0,0.0,0.0,Al0.43Co0.19Cr0.19Fe0.11Ni0.08
333,334,1,802.0,0.39,0.1,0.31,0.05,0.08,0.07,0.0,0.0,0.0,0.0,Al0.39Co0.1Cr0.31Cu0.05Fe0.08Ni0.07
334,335,1,799.0,0.47,0.13,0.13,0.05,0.12,0.1,0.0,0.0,0.0,0.0,Al0.47Co0.13Cr0.13Cu0.05Fe0.12Ni0.1
335,336,1,857.0,0.43,0.2,0.22,0.0,0.08,0.07,0.0,0.0,0.0,0.0,Al0.43Co0.2Cr0.22Fe0.08Ni0.07
336,337,1,855.0,0.47,0.14,0.19,0.05,0.1,0.05,0.0,0.0,0.0,0.0,Al0.47Co0.14Cr0.19Cu0.05Fe0.1Ni0.05
337,338,1,816.0,0.43,0.2,0.19,0.0,0.09,0.09,0.0,0.0,0.0,0.0,Al0.43Co0.2Cr0.19Fe0.09Ni0.09
338,339,1,811.0,0.46,0.14,0.23,0.05,0.07,0.05,0.0,0.0,0.0,0.0,Al0.46Co0.14Cr0.23Cu0.05Fe0.07Ni0.05
339,340,1,790.0,0.44,0.14,0.22,0.05,0.09,0.06,0.0,0.0,0.0,0.0,Al0.44Co0.14Cr0.22Cu0.05Fe0.09Ni0.06
340,341,1,855.0,0.43,0.19,0.24,0.0,0.08,0.06,0.0,0.0,0.0,0.0,Al0.43Co0.19Cr0.24Fe0.08Ni0.06
341,342,1,856.0,0.43,0.18,0.24,0.0,0.1,0.05,0.0,0.0,0.0,0.0,Al0.43Co0.18Cr0.24Fe0.1Ni0.05
342,343,1,859.0,0.47,0.14,0.2,0.05,0.09,0.05,0.0,0.0,0.0,0.0,Al0.47Co0.14Cr0.2Cu0.05Fe0.09Ni0.05
343,344,1,875.0,0.43,0.24,0.22,0.0,0.05,0.06,0.0,0.0,0.0,0.0,Al0.43Co0.24Cr0.22Fe0.05Ni0.06
344,345,1,863.0,0.43,0.23,0.21,0.0,0.08,0.05,0.0,0.0,0.0,0.0,Al0.43Co0.23Cr0.21Fe0.08Ni0.05
345,346,1,843.0,0.47,0.12,0.2,0.05,0.11,0.05,0.0,0.0,0.0,0.0,Al0.47Co0.12Cr0.2Cu0.05Fe0.11Ni0.05
346,347,1,794.0,0.43,0.15,0.17,0.05,0.14,0.06,0.0,0.0,0.0,0.0,Al0.43Co0.15Cr0.17Cu0.05Fe0.14Ni0.06
347,348,1,783.0,0.42,0.1,0.3,0.05,0.07,0.06,0.0,0.0,0.0,0.0,Al0.42Co0.1Cr0.3Cu0.05Fe0.07Ni0.06
348,349,1,797.0,0.47,0.11,0.22,0.05,0.1,0.05,0.0,0.0,0.0,0.0,Al0.47Co0.11Cr0.22Cu0.05Fe0.1Ni0.05
349,350,1,805.0,0.47,0.13,0.2,0.05,0.1,0.05,0.0,0.0,0.0,0.0,Al0.47Co0.13Cr0.2Cu0.05Fe0.1Ni0.05
350,351,1,699.0,0.29,0.22,0.34,0.0,0.05,0.1,0.0,0.0,0.0,0.0,Al0.29Co0.22Cr0.34Fe0.05Ni0.1
351,352,1,749.0,0.47,0.07,0.16,0.09,0.16,0.05,0.0,0.0,0.0,0.0,Al0.47Co0.07Cr0.16Cu0.09Fe0.16Ni0.05
352,353,1,828.0,0.43,0.14,0.21,0.05,0.12,0.05,0.0,0.0,0.0,0.0,Al0.43Co0.14Cr0.21Cu0.05Fe0.12Ni0.05
353,354,1,849.0,0.47,0.18,0.15,0.05,0.1,0.05,0.0,0.0,0.0,0.0,Al0.47Co0.18Cr0.15Cu0.05Fe0.1Ni0.05
354,355,1,883.0,0.47,0.2,0.18,0.05,0.05,0.05,0.0,0.0,0.0,0.0,Al0.47Co0.2Cr0.18Cu0.05Fe0.05Ni0.05
355,356,1,864.0,0.43,0.18,0.2,0.0,0.12,0.07,0.0,0.0,0.0,0.0,Al0.43Co0.18Cr0.2Fe0.12Ni0.07
356,357,1,841.0,0.47,0.17,0.16,0.05,0.1,0.05,0.0,0.0,0.0,0.0,Al0.47Co0.17Cr0.16Cu0.05Fe0.1Ni0.05
357,358,1,868.0,0.43,0.24,0.23,0.0,0.05,0.05,0.0,0.0,0.0,0.0,Al0.43Co0.24Cr0.23Fe0.05Ni0.05
358,359,1,865.0,0.43,0.25,0.22,0.0,0.05,0.05,0.0,0.0,0.0,0.0,Al0.43Co0.25Cr0.22Fe0.05Ni0.05
359,360,1,840.0,0.46,0.21,0.18,0.05,0.05,0.05,0.0,0.0,0.0,0.0,Al0.46Co0.21Cr0.18Cu0.05Fe0.05Ni0.05
360,361,1,882.0,0.43,0.22,0.22,0.0,0.08,0.05,0.0,0.0,0.0,0.0,Al0.43Co0.22Cr0.22Fe0.08Ni0.05
361,362,1,883.0,0.43,0.22,0.23,0.0,0.07,0.05,0.0,0.0,0.0,0.0,Al0.43Co0.22Cr0.23Fe0.07Ni0.05
362,363,1,828.0,0.43,0.2,0.21,0.0,0.09,0.07,0.0,0.0,0.0,0.0,Al0.43Co0.2Cr0.21Fe0.09Ni0.07
363,364,1,848.0,0.43,0.22,0.25,0.0,0.05,0.05,0.0,0.0,0.0,0.0,Al0.43Co0.22Cr0.25Fe0.05Ni0.05
364,365,1,878.0,0.47,0.19,0.19,0.05,0.05,0.05,0.0,0.0,0.0,0.0,Al0.47Co0.19Cr0.19Cu0.05Fe0.05Ni0.05
365,366,1,782.0,0.43,0.29,0.18,0.0,0.05,0.05,0.0,0.0,0.0,0.0,Al0.43Co0.29Cr0.18Fe0.05Ni0.05
366,367,2,392.0,0.091,0.0,0.227,0.227,0.0,0.227,0.0,0.0,0.227,0.0,Al0.091Cr0.227Cu0.227Ni0.227Ti0.227
367,368,2,452.0,0.13,0.0,0.217,0.217,0.0,0.217,0.0,0.0,0.217,0.0,Al0.13Cr0.217Cu0.217Ni0.217Ti0.217
368,369,2,350.2,0.2,0.2,0.2,0.0,0.2,0.2,0.0,0.0,0.0,0.0,Al0.2Co0.2Cr0.2Fe0.2Ni0.2
369,370,2,435.0,0.167,0.167,0.167,0.0,0.167,0.167,0.0,0.0,0.167,0.0,Al0.167Co0.167Cr0.167Fe0.167Ni0.167Ti0.167
